timestamp(ms),C1 (pF),C2 (pF),C1-C2 (pF),Distance d ,ration des c ,ration des  eps,écart ,Distance d2 ,
"1781523041.556","1.059","0.152","0.907","6.626835823059082",,,,,
"1781523041.561",,,,,"6.967105","4.894511","-0.626836",,
"1781523041.563",,,,,,,,"6.561991",
"1781523041.597","1.058","0.153","0.905",,,,,,
"1781523041.602",,,,"6.7005743980407715",,,,,
"1781523041.608",,,,,"6.915032","4.894511","-0.700574",,
"1781523041.61",,,,,,,,"6.619759",
"1781523041.644","1.058","0.151","0.907",,,,,,
"1781523041.65",,,,"6.573112487792969",,,,,
"1781523041.655",,,,,"7.006623",,,,
"1781523041.656",,,,,,"4.894511","-0.573112",,
"1781523041.657",,,,,,,,"6.51882",
"1781523041.691","1.058",,,,,,,,
"1781523041.692",,"0.152","0.906",,,,,,
"1781523041.697",,,,"6.6359639167785645",,,,,
"1781523041.702",,,,,"6.960526",,,,
"1781523041.703",,,,,,"4.894511","-0.635964",,
"1781523041.704",,,,,,,,"6.569233",
"1781523041.738","1.058","0.152","0.906",,,,,,
"1781523041.743",,,,"6.6359639167785645",,,,,
"1781523041.749",,,,,"6.960526","4.894511","-0.635964",,
"1781523041.751",,,,,,,,"6.569233",
"1781523041.785","1.059","0.153",,,,,,,
"1781523041.786",,,"0.906",,,,,,
"1781523041.79",,,,"6.69112491607666",,,,,
"1781523041.796",,,,,"6.921569","4.894511","-0.691125",,
"1781523041.798",,,,,,,,"6.612452",
"1781523041.832","1.058","0.153","0.905",,,,,,
"1781523041.838",,,,"6.7005743980407715",,,,,
"1781523041.843",,,,,"6.915032","4.894511","-0.700574",,
"1781523041.845",,,,,,,,"6.619759",
"1781523041.879","1.058","0.153","0.905",,,,,,
"1781523041.884",,,,"6.7005743980407715",,,,,
"1781523041.89",,,,,"6.915032","4.894511",,,
"1781523041.891",,,,,,,"-0.700574",,
"1781523041.892",,,,,,,,"6.619759",
"1781523041.926","1.058","0.152","0.906",,,,,,
"1781523041.931",,,,"6.6359639167785645",,,,,
"1781523041.937",,,,,"6.960526","4.894511","-0.635964",,
"1781523041.939",,,,,,,,"6.569233",
"1781523041.973","1.058","0.152","0.906",,,,,,
"1781523041.978",,,,"6.6359639167785645",,,,,
"1781523041.984",,,,,"6.960526","4.894511",,,
"1781523041.986",,,,,,,"-0.635964","6.569233",
"1781523042.02","1.058","0.153","0.905",,,,,,
"1781523042.025",,,,"6.7005743980407715",,,,,
"1781523042.031",,,,,"6.915032","4.894511",,,
"1781523042.033",,,,,,,"-0.700574","6.619759",
"1781523042.067","1.059","0.153","0.906",,,,,,
"1781523042.072",,,,"6.69112491607666",,,,,
"1781523042.078",,,,,"6.921569","4.894511","-0.691125",,
"1781523042.08",,,,,,,,"6.612452",
"1781523042.114","1.059","0.152","0.907",,,,,,
"1781523042.119",,,,"6.626835823059082",,,,,
"1781523042.125",,,,,"6.967105","4.894511","-0.626836",,
"1781523042.127",,,,,,,,"6.561991",
"1781523042.161","1.058","0.153","0.905",,,,,,
"1781523042.166",,,,"6.7005743980407715",,,,,
"1781523042.172",,,,,"6.915032","4.894511",,,
"1781523042.174",,,,,,,"-0.700574","6.619759",
"1781523042.208","1.06","0.153","0.907",,,,,,
"1781523042.214",,,,"6.681731224060059",,,,,
"1781523042.219",,,,,"6.928104","4.894511","-0.681731",,
"1781523042.221",,,,,,,,"6.605162",
"1781523042.255","1.058","0.154","0.904",,,,,,
"1781523042.26",,,,"6.767059326171875",,,,,
"1781523042.266",,,,,"6.87013","4.894511","-0.767059",,
"1781523042.268",,,,,,,,"6.670396",
"1781523042.302","1.059","0.152","0.907",,,,,,
"1781523042.307",,,,"6.626835823059082",,,,,
"1781523042.313",,,,,"6.967105","4.894511",,,
"1781523042.315",,,,,,,"-0.626836","6.561991",
"1781523042.349","1.057","0.153","0.904",,,,,,
"1781523042.355",,,,"6.710079193115234",,,,,
"1781523042.36",,,,,"6.908497","4.894511",,,
"1781523042.362",,,,,,,"-0.710079","6.627081",
"1781523042.396","1.059","0.153","0.906",,,,,,
"1781523042.401",,,,"6.69112491607666",,,,,
"1781523042.407",,,,,"6.921569","4.894511","-0.691125",,
"1781523042.409",,,,,,,,"6.612452",
"1781523042.443","1.058","0.153","0.905",,,,,,
"1781523042.448",,,,"6.7005743980407715",,,,,
"1781523042.454",,,,,"6.915032","4.894511","-0.700574",,
"1781523042.456",,,,,,,,"6.619759",
"1781523042.49","1.058","0.152","0.906",,,,,,
"1781523042.496",,,,"6.6359639167785645",,,,,
"1781523042.501",,,,,"6.960526","4.894511","-0.635964",,
"1781523042.504",,,,,,,,"6.569233",
"1781523042.537","1.059","0.153","0.906",,,,,,
"1781523042.543",,,,"6.69112491607666",,,,,
"1781523042.548",,,,,"6.921569","4.894511","-0.691125",,
"1781523042.55",,,,,,,,"6.612452",
"1781523042.584","1.058","0.153","0.905",,,,,,
"1781523042.589",,,,"6.7005743980407715",,,,,
"1781523042.595",,,,,"6.915032","4.894511","-0.700574",,
"1781523042.597",,,,,,,,"6.619759",
"1781523042.631","1.058","0.152","0.906",,,,,,
"1781523042.636",,,,"6.6359639167785645",,,,,
"1781523042.642",,,,,"6.960526","4.894511",,,
"1781523042.644",,,,,,,"-0.635964","6.569233",
"1781523042.678","1.059","0.153","0.906",,,,,,
"1781523042.683",,,,"6.69112491607666",,,,,
"1781523042.689",,,,,"6.921569","4.894511",,,
"1781523042.691",,,,,,,"-0.691125","6.612452",
"1781523042.725","1.058","0.152","0.906",,,,,,
"1781523042.73",,,,"6.6359639167785645",,,,,
"1781523042.736",,,,,"6.960526","4.894511","-0.635964",,
"1781523042.738",,,,,,,,"6.569233",
"1781523042.772","1.058","0.152","0.906",,,,,,
"1781523042.777",,,,"6.6359639167785645",,,,,
"1781523042.783",,,,,"6.960526","4.894511","-0.635964",,
"1781523042.785",,,,,,,,"6.569233",
"1781523042.819","1.059","0.153","0.906",,,,,,
"1781523042.824",,,,"6.69112491607666",,,,,
"1781523042.83",,,,,"6.921569","4.894511",,,
"1781523042.832",,,,,,,"-0.691125","6.612452",
"1781523042.866","1.058","0.153","0.905",,,,,,
"1781523042.871",,,,"6.7005743980407715",,,,,
"1781523042.877",,,,,"6.915032","4.894511","-0.700574",,
"1781523042.879",,,,,,,,"6.619759",
"1781523042.913","1.058",,,,,,,,
"1781523042.914",,"0.153","0.905",,,,,,
"1781523042.918",,,,"6.7005743980407715",,,,,
"1781523042.924",,,,,"6.915032","4.894511","-0.700574",,
"1781523042.926",,,,,,,,"6.619759",
"1781523042.96","1.059","0.151","0.908",,,,,,
"1781523042.966",,,,"6.564284324645996",,,,,
"1781523042.971",,,,,"7.013246","4.894511","-0.564284",,
"1781523042.973",,,,,,,,"6.51164",
"1781523043.007","1.058","0.153","0.905",,,,,,
"1781523043.013",,,,"6.7005743980407715",,,,,
"1781523043.018",,,,,"6.915032","4.894511",,,
"1781523043.02",,,,,,,"-0.700574","6.619759",
"1781523043.054","1.058","0.152","0.906",,,,,,
"1781523043.059",,,,"6.6359639167785645",,,,,
"1781523043.065",,,,,"6.960526","4.894511","-0.635964",,
"1781523043.067",,,,,,,,"6.569233",
"1781523043.101","1.058","0.153","0.905",,,,,,
"1781523043.106",,,,"6.7005743980407715",,,,,
"1781523043.112",,,,,"6.915032","4.894511",,,
"1781523043.114",,,,,,,"-0.700574","6.619759",
"1781523043.148","1.057","0.153","0.904",,,,,,
"1781523043.153",,,,"6.710079193115234",,,,,
"1781523043.159",,,,,"6.908497","4.894511","-0.710079",,
"1781523043.161",,,,,,,,"6.627081",
"1781523043.195","1.058","0.152","0.906",,,,,,
"1781523043.2",,,,"6.6359639167785645",,,,,
"1781523043.206",,,,,"6.960526","4.894511",,,
"1781523043.208",,,,,,,"-0.635964","6.569233",
"1781523043.242","1.058","0.153","0.905",,,,,,
"1781523043.247",,,,"6.7005743980407715",,,,,
"1781523043.253",,,,,"6.915032","4.894511","-0.700574",,
"1781523043.255",,,,,,,,"6.619759",
"1781523043.289","1.058","0.151","0.907",,,,,,
"1781523043.294",,,,"6.573112487792969",,,,,
"1781523043.3",,,,,"7.006623","4.894511",,,
"1781523043.302",,,,,,,"-0.573112","6.51882",
"1781523043.336","1.058","0.152","0.906",,,,,,
"1781523043.342",,,,"6.6359639167785645",,,,,
"1781523043.347",,,,,"6.960526","4.894511","-0.635964",,
"1781523043.349",,,,,,,,"6.569233",
"1781523043.383","1.058","0.152","0.906",,,,,,
"1781523043.388",,,,"6.6359639167785645",,,,,
"1781523043.394",,,,,"6.960526","4.894511","-0.635964",,
"1781523043.396",,,,,,,,"6.569233",
"1781523043.43","1.057","0.152","0.905",,,,,,
"1781523043.436",,,,"6.645143032073975",,,,,
"1781523043.441",,,,,"6.953948","4.894511",,,
"1781523043.443",,,,,,,"-0.645143","6.576492",
"1781523043.477","1.059","0.153","0.906",,,,,,
"1781523043.482",,,,"6.69112491607666",,,,,
"1781523043.488",,,,,"6.921569","4.894511",,,
"1781523043.49",,,,,,,"-0.691125","6.612452",
"1781523043.523","1.058","0.153","0.905",,,,,,
"1781523043.529",,,,"6.7005743980407715",,,,,
"1781523043.534",,,,,"6.915032",,,,
"1781523043.535",,,,,,"4.894511","-0.700574",,
"1781523043.537",,,,,,,,"6.619759",
"1781523043.57","1.057","0.152","0.905",,,,,,
"1781523043.576",,,,"6.645143032073975",,,,,
"1781523043.581",,,,,"6.953948","4.894511",,,
"1781523043.584",,,,,,,"-0.645143","6.576492",
"1781523043.618","1.059","0.153","0.906",,,,,,
"1781523043.623",,,,"6.69112491607666",,,,,
"1781523043.629",,,,,"6.921569","4.894511","-0.691125",,
"1781523043.631",,,,,,,,"6.612452",
"1781523043.665","1.059","0.154","0.905",,,,,,
"1781523043.67",,,,"6.757269382476807",,,,,
"1781523043.676",,,,,"6.876624","4.894511","-0.757269",,
"1781523043.678",,,,,,,,"6.663025",
"1781523043.712","1.058","0.152","0.906",,,,,,
"1781523043.717",,,,"6.6359639167785645",,,,,
"1781523043.723",,,,,"6.960526","4.894511","-0.635964",,
"1781523043.725",,,,,,,,"6.569233",
"1781523043.759","1.058","0.152","0.906",,,,,,
"1781523043.765",,,,"6.6359639167785645",,,,,
"1781523043.77",,,,,"6.960526","4.894511",,,
"1781523043.772",,,,,,,"-0.635964","6.569233",
"1781523043.806","1.058","0.154","0.904",,,,,,
"1781523043.812",,,,"6.767059326171875",,,,,
"1781523043.817",,,,,"6.87013","4.894511","-0.767059",,
"1781523043.819",,,,,,,,"6.670396",
"1781523043.853","1.058","0.152","0.906",,,,,,
"1781523043.858",,,,"6.6359639167785645",,,,,
"1781523043.864",,,,,"6.960526","4.894511",,,
"1781523043.866",,,,,,,"-0.635964","6.569233",
"1781523043.9","1.058","0.153","0.905",,,,,,
"1781523043.905",,,,"6.7005743980407715",,,,,
"1781523043.911",,,,,"6.915032","4.894511","-0.700574",,
"1781523043.913",,,,,,,,"6.619759",
"1781523043.947","1.058","0.152","0.906",,,,,,
"1781523043.952",,,,"6.6359639167785645",,,,,
"1781523043.958",,,,,"6.960526","4.894511","-0.635964",,
"1781523043.96",,,,,,,,"6.569233",
"1781523043.994","1.059","0.154","0.905",,,,,,
"1781523044",,,,"6.757269382476807",,,,,
"1781523044.005",,,,,"6.876624","4.894511",,,
"1781523044.007",,,,,,,"-0.757269","6.663025",
"1781523044.041","1.059","0.153","0.906",,,,,,
"1781523044.046",,,,"6.69112491607666",,,,,
"1781523044.051",,,,,"6.921569",,,,
"1781523044.052",,,,,,"4.894511",,,
"1781523044.054",,,,,,,"-0.691125","6.612452",
"1781523044.088","1.059","0.153","0.906",,,,,,
"1781523044.093",,,,"6.69112491607666",,,,,
"1781523044.098",,,,,"6.921569",,,,
"1781523044.099",,,,,,"4.894511","-0.691125",,
"1781523044.101",,,,,,,,"6.612452",
"1781523044.135","1.058","0.152","0.906",,,,,,
"1781523044.14",,,,"6.6359639167785645",,,,,
"1781523044.146",,,,,"6.960526","4.894511",,,
"1781523044.148",,,,,,,"-0.635964","6.569233",
"1781523044.181","1.058",,,,,,,,
"1781523044.182",,"0.152","0.906",,,,,,
"1781523044.187",,,,"6.6359639167785645",,,,,
"1781523044.193",,,,,"6.960526","4.894511","-0.635964",,
"1781523044.195",,,,,,,,"6.569233",
"1781523044.229","1.057","0.152","0.905",,,,,,
"1781523044.234",,,,"6.645143032073975",,,,,
"1781523044.24",,,,,"6.953948","4.894511",,,
"1781523044.242",,,,,,,"-0.645143","6.576492",
"1781523044.276","1.059","0.153","0.906",,,,,,
"1781523044.282",,,,"6.69112491607666",,,,,
"1781523044.287",,,,,"6.921569","4.894511","-0.691125",,
"1781523044.289",,,,,,,,"6.612452",
"1781523044.323","1.059","0.152","0.907",,,,,,
"1781523044.328",,,,"6.626835823059082",,,,,
"1781523044.334",,,,,"6.967105","4.894511","-0.626836",,
"1781523044.336",,,,,,,,"6.561991",
"1781523044.37","1.058","0.153","0.905",,,,,,
"1781523044.375",,,,"6.7005743980407715",,,,,
"1781523044.381",,,,,"6.915032","4.894511","-0.700574",,
"1781523044.383",,,,,,,,"6.619759",
"1781523044.417","1.059","0.152","0.907",,,,,,
"1781523044.422",,,,"6.626835823059082",,,,,
"1781523044.428",,,,,"6.967105","4.894511","-0.626836",,
"1781523044.43",,,,,,,,"6.561991",
"1781523044.464","1.058","0.153","0.905",,,,,,
"1781523044.469",,,,"6.7005743980407715",,,,,
"1781523044.475",,,,,"6.915032","4.894511","-0.700574",,
"1781523044.477",,,,,,,,"6.619759",
"1781523044.511","1.059","0.152","0.907",,,,,,
"1781523044.516",,,,"6.626835823059082",,,,,
"1781523044.522",,,,,"6.967105","4.894511","-0.626836",,
"1781523044.524",,,,,,,,"6.561991",
"1781523044.558","1.059","0.153","0.906",,,,,,
"1781523044.563",,,,"6.69112491607666",,,,,
"1781523044.569",,,,,"6.921569","4.894511","-0.691125",,
"1781523044.571",,,,,,,,"6.612452",
"1781523044.604","1.059",,,,,,,,
"1781523044.605",,"0.152","0.907",,,,,,
"1781523044.61",,,,"6.626835823059082",,,,,
"1781523044.616",,,,,"6.967105","4.894511","-0.626836",,
"1781523044.618",,,,,,,,"6.561991",
"1781523044.652","1.058","0.152","0.906",,,,,,
"1781523044.657",,,,"6.6359639167785645",,,,,
"1781523044.663",,,,,"6.960526","4.894511",,,
"1781523044.665",,,,,,,"-0.635964","6.569233",
"1781523044.699","1.057","0.152","0.905",,,,,,
"1781523044.704",,,,"6.645143032073975",,,,,
"1781523044.71",,,,,"6.953948","4.894511","-0.645143",,
"1781523044.712",,,,,,,,"6.576492",
"1781523044.746","1.058","0.154","0.904",,,,,,
"1781523044.751",,,,"6.767059326171875",,,,,
"1781523044.757",,,,,"6.87013","4.894511",,,
"1781523044.759",,,,,,,"-0.767059","6.670396",
"1781523044.793","1.058","0.154","0.904",,,,,,
"1781523044.798",,,,"6.767059326171875",,,,,
"1781523044.804",,,,,"6.87013","4.894511",,,
"1781523044.806",,,,,,,"-0.767059",,
"1781523044.807",,,,,,,,"6.670396",
"1781523044.839","1.057",,,,,,,,
"1781523044.84",,"0.152","0.905",,,,,,
"1781523044.845",,,,"6.645143032073975",,,,,
"1781523044.851",,,,,"6.953948","4.894511","-0.645143",,
"1781523044.853",,,,,,,,"6.576492",
"1781523044.887","1.058","0.152","0.906",,,,,,
"1781523044.892",,,,"6.6359639167785645",,,,,
"1781523044.898",,,,,"6.960526","4.894511","-0.635964",,
"1781523044.9",,,,,,,,"6.569233",
"1781523044.934","1.059","0.152","0.907",,,,,,
"1781523044.939",,,,"6.626835823059082",,,,,
"1781523044.945",,,,,"6.967105","4.894511","-0.626836",,
"1781523044.947",,,,,,,,"6.561991",
"1781523044.981","1.058","0.154","0.904",,,,,,
"1781523044.986",,,,"6.767059326171875",,,,,
"1781523044.992",,,,,"6.87013",,,,
"1781523044.993",,,,,,"4.894511","-0.767059",,
"1781523044.994",,,,,,,,"6.670396",
"1781523045.028","1.059","0.152","0.907",,,,,,
"1781523045.033",,,,"6.626835823059082",,,,,
"1781523045.038",,,,,"6.967105",,,,
"1781523045.039",,,,,,"4.894511",,,
"1781523045.041",,,,,,,"-0.626836","6.561991",
"1781523045.075","1.058","0.152","0.906",,,,,,
"1781523045.081",,,,"6.6359639167785645",,,,,
"1781523045.086",,,,,"6.960526","4.894511","-0.635964",,
"1781523045.088",,,,,,,,"6.569233",
"1781523045.122","1.058",,,,,,,,
"1781523045.123",,"0.153","0.905",,,,,,
"1781523045.127",,,,"6.7005743980407715",,,,,
"1781523045.133",,,,,"6.915032","4.894511",,,
"1781523045.135",,,,,,,"-0.700574","6.619759",
"1781523045.169","1.058","0.153","0.905",,,,,,
"1781523045.174",,,,"6.7005743980407715",,,,,
"1781523045.18",,,,,"6.915032","4.894511",,,
"1781523045.182",,,,,,,"-0.700574","6.619759",
"1781523045.216","1.059","0.153","0.906",,,,,,
"1781523045.221",,,,"6.69112491607666",,,,,
"1781523045.227",,,,,"6.921569","4.894511","-0.691125",,
"1781523045.229",,,,,,,,"6.612452",
"1781523045.263","1.058","0.152","0.906",,,,,,
"1781523045.268",,,,"6.6359639167785645",,,,,
"1781523045.274",,,,,"6.960526","4.894511",,,
"1781523045.276",,,,,,,"-0.635964","6.569233",
"1781523045.31","1.057","0.152","0.905",,,,,,
"1781523045.315",,,,"6.645143032073975",,,,,
"1781523045.321",,,,,"6.953948","4.894511",,,
"1781523045.323",,,,,,,"-0.645143",,
"1781523045.324",,,,,,,,"6.576492",
"1781523045.357","1.059","0.152","0.907",,,,,,
"1781523045.362",,,,"6.626835823059082",,,,,
"1781523045.368",,,,,"6.967105","4.894511","-0.626836",,
"1781523045.37",,,,,,,,"6.561991",
"1781523045.404","1.059","0.152","0.907",,,,,,
"1781523045.41",,,,"6.626835823059082",,,,,
"1781523045.415",,,,,"6.967105","4.894511","-0.626836",,
"1781523045.417",,,,,,,,"6.561991",
"1781523045.451","1.059","0.151","0.908",,,,,,
"1781523045.457",,,,"6.564284324645996",,,,,
"1781523045.462",,,,,"7.013246","4.894511","-0.564284",,
"1781523045.464",,,,,,,,"6.51164",
"1781523045.498","1.059","0.153","0.906",,,,,,
"1781523045.503",,,,"6.69112491607666",,,,,
"1781523045.509",,,,,"6.921569","4.894511","-0.691125",,
"1781523045.511",,,,,,,,"6.612452",
"1781523045.545","1.058","0.153","0.905",,,,,,
"1781523045.55",,,,"6.7005743980407715",,,,,
"1781523045.556",,,,,"6.915032","4.894511",,,
"1781523045.558",,,,,,,"-0.700574","6.619759",
"1781523045.592","1.059","0.152","0.907",,,,,,
"1781523045.598",,,,"6.626835823059082",,,,,
"1781523045.603",,,,,"6.967105","4.894511",,,
"1781523045.605",,,,,,,"-0.626836","6.561991",
"1781523045.639","1.058","0.152","0.906",,,,,,
"1781523045.645",,,,"6.6359639167785645",,,,,
"1781523045.65",,,,,"6.960526","4.894511","-0.635964",,
"1781523045.652",,,,,,,,"6.569233",
"1781523045.686","1.058","0.152","0.906",,,,,,
"1781523045.691",,,,"6.6359639167785645",,,,,
"1781523045.697",,,,,"6.960526","4.894511",,,
"1781523045.699",,,,,,,"-0.635964","6.569233",
"1781523045.733","1.059","0.153","0.906",,,,,,
"1781523045.738",,,,"6.69112491607666",,,,,
"1781523045.744",,,,,"6.921569","4.894511","-0.691125",,
"1781523045.746",,,,,,,,"6.612452",
"1781523045.78","1.058","0.153","0.905",,,,,,
"1781523045.785",,,,"6.7005743980407715",,,,,
"1781523045.791",,,,,"6.915032","4.894511",,,
"1781523045.793",,,,,,,"-0.700574","6.619759",
"1781523045.827","1.058","0.153","0.905",,,,,,
"1781523045.832",,,,"6.7005743980407715",,,,,
"1781523045.838",,,,,"6.915032","4.894511","-0.700574",,
"1781523045.84",,,,,,,,"6.619759",
"1781523045.874","1.058","0.152","0.906",,,,,,
"1781523045.879",,,,"6.6359639167785645",,,,,
"1781523045.885",,,,,"6.960526","4.894511","-0.635964",,
"1781523045.887",,,,,,,,"6.569233",
"1781523045.92","1.058","0.154","0.904",,,,,,
"1781523045.926",,,,"6.767059326171875",,,,,
"1781523045.932",,,,,"6.87013","4.894511",,,
"1781523045.934",,,,,,,"-0.767059","6.670396",
"1781523045.968","1.059","0.154","0.905",,,,,,
"1781523045.973",,,,"6.757269382476807",,,,,
"1781523045.979",,,,,"6.876624","4.894511","-0.757269",,
"1781523045.981",,,,,,,,"6.663025",
"1781523046.015","1.057","0.153","0.904",,,,,,
"1781523046.02",,,,"6.710079193115234",,,,,
"1781523046.026",,,,,"6.908497","4.894511","-0.710079",,
"1781523046.028",,,,,,,,"6.627081",
"1781523046.062","1.057","0.152","0.905",,,,,,
"1781523046.067",,,,"6.645143032073975",,,,,
"1781523046.073",,,,,"6.953948","4.894511","-0.645143",,
"1781523046.075",,,,,,,,"6.576492",
"1781523046.109","1.059","0.152","0.907",,,,,,
"1781523046.114",,,,"6.626835823059082",,,,,
"1781523046.12",,,,,"6.967105","4.894511",,,
"1781523046.122",,,,,,,"-0.626836","6.561991",
"1781523046.156","1.058","0.152","0.906",,,,,,
"1781523046.161",,,,"6.6359639167785645",,,,,
"1781523046.167",,,,,"6.960526","4.894511","-0.635964",,
"1781523046.169",,,,,,,,"6.569233",
"1781523046.203","1.058","0.152","0.906",,,,,,
"1781523046.208",,,,"6.6359639167785645",,,,,
"1781523046.214",,,,,"6.960526","4.894511",,,
"1781523046.216",,,,,,,"-0.635964","6.569233",
"1781523046.25","1.058","0.153","0.905",,,,,,
"1781523046.255",,,,"6.7005743980407715",,,,,
"1781523046.261",,,,,"6.915032","4.894511","-0.700574",,
"1781523046.263",,,,,,,,"6.619759",
"1781523046.297","1.058","0.152","0.906",,,,,,
"1781523046.302",,,,"6.6359639167785645",,,,,
"1781523046.308",,,,,"6.960526","4.894511",,,
"1781523046.31",,,,,,,"-0.635964","6.569233",
"1781523046.344","1.058","0.152","0.906",,,,,,
"1781523046.349",,,,"6.6359639167785645",,,,,
"1781523046.355",,,,,"6.960526","4.894511","-0.635964",,
"1781523046.357",,,,,,,,"6.569233",
"1781523046.391","1.058","0.152","0.906",,,,,,
"1781523046.396",,,,"6.6359639167785645",,,,,
"1781523046.402",,,,,"6.960526","4.894511","-0.635964",,
"1781523046.404",,,,,,,,"6.569233",
"1781523046.438","1.058","0.152","0.906",,,,,,
"1781523046.443",,,,"6.6359639167785645",,,,,
"1781523046.449",,,,,"6.960526","4.894511",,,
"1781523046.451",,,,,,,"-0.635964","6.569233",
"1781523046.485","1.058","0.152","0.906",,,,,,
"1781523046.49",,,,"6.6359639167785645",,,,,
"1781523046.496",,,,,"6.960526","4.894511","-0.635964",,
"1781523046.498",,,,,,,,"6.569233",
"1781523046.532","1.058","0.151","0.907",,,,,,
"1781523046.537",,,,"6.573112487792969",,,,,
"1781523046.543",,,,,"7.006623","4.894511","-0.573112",,
"1781523046.545",,,,,,,,"6.51882",
"1781523046.579","1.059","0.153","0.906",,,,,,
"1781523046.584",,,,"6.69112491607666",,,,,
"1781523046.59",,,,,"6.921569","4.894511",,,
"1781523046.592",,,,,,,"-0.691125","6.612452",
"1781523046.625","1.057","0.152","0.905",,,,,,
"1781523046.631",,,,"6.645143032073975",,,,,
"1781523046.637",,,,,"6.953948","4.894511",,,
"1781523046.639",,,,,,,"-0.645143","6.576492",
"1781523046.672","1.059","0.153","0.906",,,,,,
"1781523046.678",,,,"6.69112491607666",,,,,
"1781523046.683",,,,,"6.921569","4.894511",,,
"1781523046.686",,,,,,,"-0.691125","6.612452",
"1781523046.719","1.058","0.154","0.904",,,,,,
"1781523046.725",,,,"6.767059326171875",,,,,
"1781523046.732",,,,,"6.87013","4.894511","-0.767059",,
"1781523046.734",,,,,,,,"6.670396",
"1781523046.766","1.058","0.151","0.907",,,,,,
"1781523046.772",,,,"6.573112487792969",,,,,
"1781523046.777",,,,,"7.006623","4.894511","-0.573112",,
"1781523046.78",,,,,,,,"6.51882",
"1781523046.813","1.059","0.152","0.907",,,,,,
"1781523046.819",,,,"6.626835823059082",,,,,
"1781523046.824",,,,,"6.967105",,,,
"1781523046.825",,,,,,"4.894511","-0.626836",,
"1781523046.827",,,,,,,,"6.561991",
"1781523046.86","1.058","0.152","0.906",,,,,,
"1781523046.866",,,,"6.6359639167785645",,,,,
"1781523046.871",,,,,"6.960526",,,,
"1781523046.872",,,,,,"4.894511","-0.635964",,
"1781523046.874",,,,,,,,"6.569233",
"1781523046.907","1.059","0.152","0.907",,,,,,
"1781523046.913",,,,"6.626835823059082",,,,,
"1781523046.918",,,,,"6.967105","4.894511",,,
"1781523046.919",,,,,,,"-0.626836",,
"1781523046.921",,,,,,,,"6.561991",
"1781523046.954","1.058","0.153","0.905",,,,,,
"1781523046.96",,,,"6.7005743980407715",,,,,
"1781523046.965",,,,,"6.915032","4.894511",,,
"1781523046.968",,,,,,,"-0.700574","6.619759",
"1781523047.001","1.059","0.152","0.907",,,,,,
"1781523047.007",,,,"6.626835823059082",,,,,
"1781523047.012",,,,,"6.967105","4.894511",,,
"1781523047.014",,,,,,,"-0.626836",,
"1781523047.015",,,,,,,,"6.561991",
"1781523047.049","1.059","0.153","0.906",,,,,,
"1781523047.054",,,,"6.69112491607666",,,,,
"1781523047.06",,,,,"6.921569","4.894511","-0.691125",,
"1781523047.062",,,,,,,,"6.612452",
"1781523047.096","1.059","0.153","0.906",,,,,,
"1781523047.102",,,,"6.69112491607666",,,,,
"1781523047.107",,,,,"6.921569","4.894511","-0.691125",,
"1781523047.109",,,,,,,,"6.612452",
"1781523047.143","1.059","0.152","0.907",,,,,,
"1781523047.148",,,,"6.626835823059082",,,,,
"1781523047.154",,,,,"6.967105","4.894511","-0.626836",,
"1781523047.156",,,,,,,,"6.561991",
"1781523047.19","1.059","0.152","0.907",,,,,,
"1781523047.196",,,,"6.626835823059082",,,,,
"1781523047.201",,,,,"6.967105","4.894511","-0.626836",,
"1781523047.203",,,,,,,,"6.561991",
"1781523047.237","1.059","0.153","0.906",,,,,,
"1781523047.242",,,,"6.69112491607666",,,,,
"1781523047.248",,,,,"6.921569","4.894511",,,
"1781523047.25",,,,,,,"-0.691125","6.612452",
"1781523047.284","1.058","0.152","0.906",,,,,,
"1781523047.289",,,,"6.6359639167785645",,,,,
"1781523047.295",,,,,"6.960526","4.894511","-0.635964",,
"1781523047.297",,,,,,,,"6.569233",
"1781523047.331","1.06","0.152","0.908",,,,,,
"1781523047.336",,,,"6.617763042449951",,,,,
"1781523047.37",,,,,"6.973684","4.894511",,,
"1781523047.373",,,,,,,"-0.617763","6.554765",
"1781523047.377","1.058","0.152","0.906",,,,,,
"1781523047.384",,,,"6.6359639167785645",,,,,
"1781523047.389",,,,,"6.960526","4.894511",,,
"1781523047.391",,,,,,,"-0.635964","6.569233",
"1781523047.425","1.059","0.153","0.906",,,,,,
"1781523047.43",,,,"6.69112491607666",,,,,
"1781523047.436",,,,,"6.921569","4.894511",,,
"1781523047.438",,,,,,,"-0.691125","6.612452",
"1781523047.472","1.058","0.153","0.905",,,,,,
"1781523047.477",,,,"6.7005743980407715",,,,,
"1781523047.483",,,,,"6.915032","4.894511","-0.700574",,
"1781523047.485",,,,,,,,"6.619759",
"1781523047.519","1.058","0.153","0.905",,,,,,
"1781523047.524",,,,"6.7005743980407715",,,,,
"1781523047.53",,,,,"6.915032","4.894511",,,
"1781523047.532",,,,,,,"-0.700574","6.619759",
"1781523047.566","1.058","0.153","0.905",,,,,,
"1781523047.571",,,,"6.7005743980407715",,,,,
"1781523047.577",,,,,"6.915032","4.894511",,,
"1781523047.579",,,,,,,"-0.700574","6.619759",
"1781523047.613","1.059","0.153","0.906",,,,,,
"1781523047.618",,,,"6.69112491607666",,,,,
"1781523047.624",,,,,"6.921569","4.894511",,,
"1781523047.626",,,,,,,"-0.691125","6.612452",
"1781523047.66","1.059","0.152","0.907",,,,,,
"1781523047.665",,,,"6.626835823059082",,,,,
"1781523047.671",,,,,"6.967105","4.894511","-0.626836",,
"1781523047.673",,,,,,,,"6.561991",
"1781523047.707","1.057","0.153","0.904",,,,,,
"1781523047.712",,,,"6.710079193115234",,,,,
"1781523047.718",,,,,"6.908497","4.894511",,,
"1781523047.72",,,,,,,"-0.710079","6.627081",
"1781523047.754","1.059","0.151","0.908",,,,,,
"1781523047.759",,,,"6.564284324645996",,,,,
"1781523047.765",,,,,"7.013246","4.894511","-0.564284",,
"1781523047.767",,,,,,,,"6.51164",
"1781523047.801","1.057","0.153","0.904",,,,,,
"1781523047.806",,,,"6.710079193115234",,,,,
"1781523047.811",,,,,"6.908497",,,,
"1781523047.812",,,,,,"4.894511","-0.710079",,
"1781523047.814",,,,,,,,"6.627081",
"1781523047.848","1.058","0.152","0.906",,,,,,
"1781523047.853",,,,"6.6359639167785645",,,,,
"1781523047.859",,,,,"6.960526","4.894511",,,
"1781523047.861",,,,,,,"-0.635964","6.569233",
"1781523047.895","1.057","0.152","0.905",,,,,,
"1781523047.9",,,,"6.645143032073975",,,,,
"1781523047.906",,,,,"6.953948","4.894511",,,
"1781523047.908",,,,,,,"-0.645143","6.576492",
"1781523047.942","1.059","0.152","0.907",,,,,,
"1781523047.947",,,,"6.626835823059082",,,,,
"1781523047.952",,,,,"6.967105","4.894511","-0.626836",,
"1781523047.955",,,,,,,,"6.561991",
"1781523047.989","1.058","0.153","0.905",,,,,,
"1781523047.994",,,,"6.7005743980407715",,,,,
"1781523048",,,,,"6.915032","4.894511",,,
"1781523048.002",,,,,,,"-0.700574","6.619759",
"1781523048.036","1.058","0.153","0.905",,,,,,
"1781523048.042",,,,"6.7005743980407715",,,,,
"1781523048.047",,,,,"6.915032","4.894511","-0.700574",,
"1781523048.049",,,,,,,,"6.619759",
"1781523048.083","1.058","0.152","0.906",,,,,,
"1781523048.088",,,,"6.6359639167785645",,,,,
"1781523048.094",,,,,"6.960526","4.894511","-0.635964",,
"1781523048.096",,,,,,,,"6.569233",
"1781523048.13","1.058","0.151","0.907",,,,,,
"1781523048.135",,,,"6.573112487792969",,,,,
"1781523048.141",,,,,"7.006623","4.894511","-0.573112",,
"1781523048.143",,,,,,,,"6.51882",
"1781523048.177","1.058","0.152","0.906",,,,,,
"1781523048.182",,,,"6.6359639167785645",,,,,
"1781523048.188",,,,,"6.960526","4.894511","-0.635964",,
"1781523048.19",,,,,,,,"6.569233",
"1781523048.224","1.058","0.154","0.904",,,,,,
"1781523048.229",,,,"6.767059326171875",,,,,
"1781523048.235",,,,,"6.87013","4.894511",,,
"1781523048.237",,,,,,,"-0.767059","6.670396",
"1781523048.271","1.058","0.152","0.906",,,,,,
"1781523048.276",,,,"6.6359639167785645",,,,,
"1781523048.282",,,,,"6.960526","4.894511","-0.635964",,
"1781523048.284",,,,,,,,"6.569233",
"1781523048.318","1.059","0.152","0.907",,,,,,
"1781523048.323",,,,"6.626835823059082",,,,,
"1781523048.329",,,,,"6.967105","4.894511",,,
"1781523048.331",,,,,,,"-0.626836","6.561991",
"1781523048.365","1.059","0.153","0.906",,,,,,
"1781523048.37",,,,"6.69112491607666",,,,,
"1781523048.375",,,,,"6.921569","4.894511","-0.691125",,
"1781523048.378",,,,,,,,"6.612452",
"1781523048.412","1.058","0.152","0.906",,,,,,
"1781523048.417",,,,"6.6359639167785645",,,,,
"1781523048.423",,,,,"6.960526","4.894511",,,
"1781523048.425",,,,,,,"-0.635964","6.569233",
"1781523048.459","1.058","0.154","0.904",,,,,,
"1781523048.464",,,,"6.767059326171875",,,,,
"1781523048.47",,,,,"6.87013","4.894511",,,
"1781523048.472",,,,,,,"-0.767059","6.670396",
"1781523048.506","1.058","0.153","0.905",,,,,,
"1781523048.511",,,,"6.7005743980407715",,,,,
"1781523048.517",,,,,"6.915032","4.894511","-0.700574",,
"1781523048.519",,,,,,,,"6.619759",
"1781523048.553","1.058","0.152","0.906",,,,,,
"1781523048.558",,,,"6.6359639167785645",,,,,
"1781523048.564",,,,,"6.960526","4.894511","-0.635964",,
"1781523048.566",,,,,,,,"6.569233",
"1781523048.6","1.057","0.152","0.905",,,,,,
"1781523048.605",,,,"6.645143032073975",,,,,
"1781523048.611",,,,,"6.953948","4.894511","-0.645143",,
"1781523048.613",,,,,,,,"6.576492",
"1781523048.647","1.058","0.153","0.905",,,,,,
"1781523048.652",,,,"6.7005743980407715",,,,,
"1781523048.658",,,,,"6.915032","4.894511","-0.700574",,
"1781523048.66",,,,,,,,"6.619759",
"1781523048.694","1.058","0.152","0.906",,,,,,
"1781523048.699",,,,"6.6359639167785645",,,,,
"1781523048.705",,,,,"6.960526","4.894511","-0.635964",,
"1781523048.707",,,,,,,,"6.569233",
"1781523048.741","1.059","0.153","0.906",,,,,,
"1781523048.746",,,,"6.69112491607666",,,,,
"1781523048.752",,,,,"6.921569","4.894511",,,
"1781523048.754",,,,,,,"-0.691125","6.612452",
"1781523048.788","1.058","0.151","0.907",,,,,,
"1781523048.793",,,,"6.573112487792969",,,,,
"1781523048.799",,,,,"7.006623","4.894511",,,
"1781523048.801",,,,,,,"-0.573112","6.51882",
"1781523048.835","1.058","0.152","0.906",,,,,,
"1781523048.84",,,,"6.6359639167785645",,,,,
"1781523048.846",,,,,"6.960526","4.894511",,,
"1781523048.848",,,,,,,"-0.635964","6.569233",
"1781523048.882","1.059","0.153","0.906",,,,,,
"1781523048.887",,,,"6.69112491607666",,,,,
"1781523048.893",,,,,"6.921569","4.894511","-0.691125",,
"1781523048.895",,,,,,,,"6.612452",
"1781523048.929","1.058","0.154","0.904",,,,,,
"1781523048.934",,,,"6.767059326171875",,,,,
"1781523048.94",,,,,"6.87013","4.894511","-0.767059",,
"1781523048.942",,,,,,,,"6.670396",
"1781523048.976","1.058","0.153","0.905",,,,,,
"1781523048.981",,,,"6.7005743980407715",,,,,
"1781523048.986",,,,,"6.915032",,,,
"1781523048.987",,,,,,"4.894511",,,
"1781523048.989",,,,,,,"-0.700574","6.619759",
"1781523049.023","1.058","0.153","0.905",,,,,,
"1781523049.028",,,,"6.7005743980407715",,,,,
"1781523049.034",,,,,"6.915032","4.894511","-0.700574",,
"1781523049.036",,,,,,,,"6.619759",
"1781523049.07","1.058","0.153","0.905",,,,,,
"1781523049.076",,,,"6.7005743980407715",,,,,
"1781523049.081",,,,,"6.915032","4.894511","-0.700574",,
"1781523049.083",,,,,,,,"6.619759",
"1781523049.117","1.058","0.153","0.905",,,,,,
"1781523049.122",,,,"6.7005743980407715",,,,,
"1781523049.128",,,,,"6.915032","4.894511","-0.700574",,
"1781523049.13",,,,,,,,"6.619759",
"1781523049.164","1.058","0.152","0.906",,,,,,
"1781523049.169",,,,"6.6359639167785645",,,,,
"1781523049.175",,,,,"6.960526","4.894511","-0.635964",,
"1781523049.177",,,,,,,,"6.569233",
"1781523049.211","1.058","0.152","0.906",,,,,,
"1781523049.216",,,,"6.6359639167785645",,,,,
"1781523049.222",,,,,"6.960526","4.894511","-0.635964",,
"1781523049.224",,,,,,,,"6.569233",
"1781523049.258","1.058","0.153","0.905",,,,,,
"1781523049.263",,,,"6.7005743980407715",,,,,
"1781523049.269",,,,,"6.915032","4.894511","-0.700574",,
"1781523049.271",,,,,,,,"6.619759",
"1781523049.305","1.058","0.153","0.905",,,,,,
"1781523049.31",,,,"6.7005743980407715",,,,,
"1781523049.316",,,,,"6.915032","4.894511",,,
"1781523049.318",,,,,,,"-0.700574","6.619759",
"1781523049.352","1.059","0.153","0.906",,,,,,
"1781523049.357",,,,"6.69112491607666",,,,,
"1781523049.363",,,,,"6.921569","4.894511","-0.691125",,
"1781523049.365",,,,,,,,"6.612452",
"1781523049.399","1.058","0.153","0.905",,,,,,
"1781523049.404",,,,"6.7005743980407715",,,,,
"1781523049.41",,,,,"6.915032","4.894511",,,
"1781523049.412",,,,,,,"-0.700574","6.619759",
"1781523049.446","1.058","0.153","0.905",,,,,,
"1781523049.451",,,,"6.7005743980407715",,,,,
"1781523049.457",,,,,"6.915032","4.894511","-0.700574",,
"1781523049.459",,,,,,,,"6.619759",
"1781523049.493","1.057","0.152","0.905",,,,,,
"1781523049.498",,,,"6.645143032073975",,,,,
"1781523049.504",,,,,"6.953948","4.894511","-0.645143",,
"1781523049.506",,,,,,,,"6.576492",
"1781523049.539","1.059",,,,,,,,
"1781523049.54",,"0.153","0.906",,,,,,
"1781523049.545",,,,"6.69112491607666",,,,,
"1781523049.551",,,,,"6.921569","4.894511","-0.691125",,
"1781523049.553",,,,,,,,"6.612452",
"1781523049.587","1.059","0.153","0.906",,,,,,
"1781523049.592",,,,"6.69112491607666",,,,,
"1781523049.598",,,,,"6.921569","4.894511",,,
"1781523049.6",,,,,,,"-0.691125","6.612452",
"1781523049.634","1.059","0.152","0.907",,,,,,
"1781523049.639",,,,"6.626835823059082",,,,,
"1781523049.645",,,,,"6.967105","4.894511","-0.626836",,
"1781523049.647",,,,,,,,"6.561991",
"1781523049.681","1.058","0.151","0.907",,,,,,
"1781523049.686",,,,"6.573112487792969",,,,,
"1781523049.692",,,,,"7.006623","4.894511",,,
"1781523049.694",,,,,,,"-0.573112","6.51882",
"1781523049.727","1.059","0.153","0.906",,,,,,
"1781523049.733",,,,"6.69112491607666",,,,,
"1781523049.739",,,,,"6.921569","4.894511","-0.691125",,
"1781523049.741",,,,,,,,"6.612452",
"1781523049.775","1.058","0.152","0.906",,,,,,
"1781523049.78",,,,"6.6359639167785645",,,,,
"1781523049.786",,,,,"6.960526","4.894511",,,
"1781523049.788",,,,,,,"-0.635964","6.569233",
"1781523049.822","1.059","0.152","0.907",,,,,,
"1781523049.827",,,,"6.626835823059082",,,,,
"1781523049.833",,,,,"6.967105","4.894511","-0.626836",,
"1781523049.835",,,,,,,,"6.561991",
"1781523049.869","1.059","0.153","0.906",,,,,,
"1781523049.874",,,,"6.69112491607666",,,,,
"1781523049.88",,,,,"6.921569","4.894511","-0.691125",,
"1781523049.882",,,,,,,,"6.612452",
"1781523049.916","1.059","0.153","0.906",,,,,,
"1781523049.921",,,,"6.69112491607666",,,,,
"1781523049.927",,,,,"6.921569","4.894511",,,
"1781523049.929",,,,,,,"-0.691125","6.612452",
"1781523049.963","1.058","0.152","0.906",,,,,,
"1781523049.968",,,,"6.6359639167785645",,,,,
"1781523049.974",,,,,"6.960526","4.894511",,,
"1781523049.976",,,,,,,"-0.635964","6.569233",
"1781523050.01","1.059","0.152","0.907",,,,,,
"1781523050.015",,,,"6.626835823059082",,,,,
"1781523050.021",,,,,"6.967105","4.894511",,,
"1781523050.023",,,,,,,"-0.626836","6.561991",
"1781523050.057","1.058","0.153","0.905",,,,,,
"1781523050.062",,,,"6.7005743980407715",,,,,
"1781523050.068",,,,,"6.915032","4.894511","-0.700574",,
"1781523050.07",,,,,,,,"6.619759",
"1781523050.103","1.058",,,,,,,,
"1781523050.104",,"0.153","0.905",,,,,,
"1781523050.109",,,,"6.7005743980407715",,,,,
"1781523050.115",,,,,"6.915032","4.894511",,,
"1781523050.117",,,,,,,"-0.700574","6.619759",
"1781523050.151","1.059","0.153","0.906",,,,,,
"1781523050.156",,,,"6.69112491607666",,,,,
"1781523050.162",,,,,"6.921569","4.894511",,,
"1781523050.164",,,,,,,"-0.691125","6.612452",
"1781523050.198","1.058","0.153","0.905",,,,,,
"1781523050.203",,,,"6.7005743980407715",,,,,
"1781523050.209",,,,,"6.915032","4.894511","-0.700574",,
"1781523050.211",,,,,,,,"6.619759",
"1781523050.245","1.058","0.152","0.906",,,,,,
"1781523050.25",,,,"6.6359639167785645",,,,,
"1781523050.255",,,,,"6.960526","4.894511",,,
"1781523050.258",,,,,,,"-0.635964","6.569233",
"1781523050.292","1.058","0.153","0.905",,,,,,
"1781523050.297",,,,"6.7005743980407715",,,,,
"1781523050.303",,,,,"6.915032","4.894511","-0.700574",,
"1781523050.305",,,,,,,,"6.619759",
"1781523050.339","1.059","0.152","0.907",,,,,,
"1781523050.344",,,,"6.626835823059082",,,,,
"1781523050.35",,,,,"6.967105","4.894511","-0.626836",,
"1781523050.352",,,,,,,,"6.561991",
"1781523050.385","1.058",,,,,,,,
"1781523050.386",,"0.153","0.905",,,,,,
"1781523050.391",,,,"6.7005743980407715",,,,,
"1781523050.396",,,,,"6.915032",,,,
"1781523050.397",,,,,,"4.894511",,,
"1781523050.399",,,,,,,"-0.700574","6.619759",
"1781523050.432","1.059","0.152","0.907",,,,,,
"1781523050.438",,,,"6.626835823059082",,,,,
"1781523050.443",,,,,"6.967105","4.894511",,,
"1781523050.445",,,,,,,"-0.626836","6.561991",
"1781523050.479","1.057","0.153","0.904",,,,,,
"1781523050.485",,,,"6.710079193115234",,,,,
"1781523050.49",,,,,"6.908497","4.894511",,,
"1781523050.492",,,,,,,"-0.710079","6.627081",
"1781523050.526","1.057","0.152","0.905",,,,,,
"1781523050.532",,,,"6.645143032073975",,,,,
"1781523050.537",,,,,"6.953948","4.894511","-0.645143",,
"1781523050.539",,,,,,,,"6.576492",
"1781523050.573","1.058","0.153","0.905",,,,,,
"1781523050.579",,,,"6.7005743980407715",,,,,
"1781523050.584",,,,,"6.915032","4.894511",,,
"1781523050.586",,,,,,,"-0.700574",,
"1781523050.587",,,,,,,,"6.619759",
"1781523050.62","1.058","0.152","0.906",,,,,,
"1781523050.626",,,,"6.6359639167785645",,,,,
"1781523050.631",,,,,"6.960526","4.894511","-0.635964",,
"1781523050.633",,,,,,,,"6.569233",
"1781523050.668","1.058","0.153","0.905",,,,,,
"1781523050.673",,,,"6.7005743980407715",,,,,
"1781523050.679",,,,,"6.915032","4.894511","-0.700574",,
"1781523050.681",,,,,,,,"6.619759",
"1781523050.715","1.059","0.153","0.906",,,,,,
"1781523050.72",,,,"6.69112491607666",,,,,
"1781523050.726",,,,,"6.921569","4.894511",,,
"1781523050.728",,,,,,,"-0.691125","6.612452",
"1781523050.762","1.057","0.153","0.904",,,,,,
"1781523050.767",,,,"6.710079193115234",,,,,
"1781523050.772",,,,,"6.908497","4.894511",,,
"1781523050.774",,,,,,,"-0.710079",,
"1781523050.775",,,,,,,,"6.627081",
"1781523050.809","1.059","0.152","0.907",,,,,,
"1781523050.814",,,,"6.626835823059082",,,,,
"1781523050.82",,,,,"6.967105","4.894511","-0.626836",,
"1781523050.822",,,,,,,,"6.561991",
"1781523050.856","1.058","0.153","0.905",,,,,,
"1781523050.862",,,,"6.7005743980407715",,,,,
"1781523050.867",,,,,"6.915032","4.894511",,,
"1781523050.868",,,,,,,"-0.700574",,
"1781523050.869",,,,,,,,"6.619759",
"1781523050.903","1.058","0.154","0.904",,,,,,
"1781523050.908",,,,"6.767059326171875",,,,,
"1781523050.914",,,,,"6.87013","4.894511","-0.767059",,
"1781523050.916",,,,,,,,"6.670396",
"1781523050.95","1.059","0.153","0.906",,,,,,
"1781523050.955",,,,"6.69112491607666",,,,,
"1781523050.961",,,,,"6.921569","4.894511",,,
"1781523050.963",,,,,,,"-0.691125","6.612452",
"1781523050.997","1.059","0.153","0.906",,,,,,
"1781523051.002",,,,"6.69112491607666",,,,,
"1781523051.008",,,,,"6.921569","4.894511","-0.691125",,
"1781523051.01",,,,,,,,"6.612452",
"1781523051.043","1.058",,,,,,,,
"1781523051.044",,"0.152","0.906",,,,,,
"1781523051.049",,,,"6.6359639167785645",,,,,
"1781523051.055",,,,,"6.960526","4.894511",,,
"1781523051.057",,,,,,,"-0.635964","6.569233",
"1781523051.091","1.057","0.153","0.904",,,,,,
"1781523051.096",,,,"6.710079193115234",,,,,
"1781523051.102",,,,,"6.908497","4.894511",,,
"1781523051.104",,,,,,,"-0.710079","6.627081",
"1781523051.138","1.058","0.153","0.905",,,,,,
"1781523051.143",,,,"6.7005743980407715",,,,,
"1781523051.149",,,,,"6.915032","4.894511","-0.700574",,
"1781523051.151",,,,,,,,"6.619759",
"1781523051.185","1.059","0.153","0.906",,,,,,
"1781523051.19",,,,"6.69112491607666",,,,,
"1781523051.196",,,,,"6.921569","4.894511","-0.691125",,
"1781523051.198",,,,,,,,"6.612452",
"1781523051.232","1.059","0.152","0.907",,,,,,
"1781523051.237",,,,"6.626835823059082",,,,,
"1781523051.243",,,,,"6.967105","4.894511",,,
"1781523051.245",,,,,,,"-0.626836","6.561991",
"1781523051.279","1.058","0.152","0.906",,,,,,
"1781523051.284",,,,"6.6359639167785645",,,,,
"1781523051.29",,,,,"6.960526","4.894511","-0.635964",,
"1781523051.292",,,,,,,,"6.569233",
"1781523051.326","1.059","0.153","0.906",,,,,,
"1781523051.332",,,,"6.69112491607666",,,,,
"1781523051.337",,,,,"6.921569","4.894511","-0.691125",,
"1781523051.339",,,,,,,,"6.612452",
"1781523051.372","1.059","0.153","0.906",,,,,,
"1781523051.378",,,,"6.69112491607666",,,,,
"1781523051.383",,,,,"6.921569","4.894511","-0.691125",,
"1781523051.385",,,,,,,,"6.612452",
"1781523051.42","1.058","0.152","0.906",,,,,,
"1781523051.425",,,,"6.6359639167785645",,,,,
"1781523051.431",,,,,"6.960526","4.894511","-0.635964",,
"1781523051.433",,,,,,,,"6.569233",
"1781523051.467","1.058","0.152","0.906",,,,,,
"1781523051.472",,,,"6.6359639167785645",,,,,
"1781523051.477",,,,,"6.960526","4.894511",,,
"1781523051.48",,,,,,,"-0.635964","6.569233",
"1781523051.514","1.059","0.152","0.907",,,,,,
"1781523051.519",,,,"6.626835823059082",,,,,
"1781523051.525",,,,,"6.967105","4.894511","-0.626836",,
"1781523051.527",,,,,,,,"6.561991",
"1781523051.56","1.058",,,,,,,,
"1781523051.561",,"0.152","0.906",,,,,,
"1781523051.566",,,,"6.6359639167785645",,,,,
"1781523051.572",,,,,"6.960526","4.894511","-0.635964",,
"1781523051.574",,,,,,,,"6.569233",
"1781523051.608","1.059","0.154","0.905",,,,,,
"1781523051.613",,,,"6.757269382476807",,,,,
"1781523051.619",,,,,"6.876624","4.894511","-0.757269",,
"1781523051.621",,,,,,,,"6.663025",
"1781523051.655","1.058","0.152","0.906",,,,,,
"1781523051.66",,,,"6.6359639167785645",,,,,
"1781523051.666",,,,,"6.960526","4.894511",,,
"1781523051.668",,,,,,,"-0.635964","6.569233",
"1781523051.702","1.059","0.153","0.906",,,,,,
"1781523051.707",,,,"6.69112491607666",,,,,
"1781523051.712",,,,,"6.921569",,,,
"1781523051.713",,,,,,"4.894511",,,
"1781523051.715",,,,,,,"-0.691125","6.612452",
"1781523051.749","1.059","0.153","0.906",,,,,,
"1781523051.754",,,,"6.69112491607666",,,,,
"1781523051.76",,,,,"6.921569","4.894511","-0.691125",,
"1781523051.762",,,,,,,,"6.612452",
"1781523051.796","1.06","0.153","0.907",,,,,,
"1781523051.801",,,,"6.681731224060059",,,,,
"1781523051.807",,,,,"6.928104","4.894511",,,
"1781523051.809",,,,,,,"-0.681731","6.605162",
"1781523051.843","1.059","0.151","0.908",,,,,,
"1781523051.848",,,,"6.564284324645996",,,,,
"1781523051.854",,,,,"7.013246","4.894511","-0.564284",,
"1781523051.856",,,,,,,,"6.51164",
"1781523051.889","1.058",,,,,,,,
"1781523051.89",,"0.153","0.905",,,,,,
"1781523051.895",,,,"6.7005743980407715",,,,,
"1781523051.9",,,,,"6.915032","4.894511",,,
"1781523051.902",,,,,,,"-0.700574",,
"1781523051.903",,,,,,,,"6.619759",
"1781523051.936","1.057","0.151","0.906",,,,,,
"1781523051.942",,,,"6.58198881149292",,,,,
"1781523051.948",,,,,"7","4.894511","-0.581989",,
"1781523051.95",,,,,,,,"6.526015",
"1781523051.983","1.058","0.153","0.905",,,,,,
"1781523051.989",,,,"6.7005743980407715",,,,,
"1781523051.994",,,,,"6.915032","4.894511",,,
"1781523051.997",,,,,,,"-0.700574","6.619759",
"1781523052.031","1.059","0.152","0.907",,,,,,
"1781523052.036",,,,"6.626835823059082",,,,,
"1781523052.042",,,,,"6.967105","4.894511",,,
"1781523052.044",,,,,,,"-0.626836","6.561991",
"1781523052.078","1.058","0.153","0.905",,,,,,
"1781523052.083",,,,"6.7005743980407715",,,,,
"1781523052.089",,,,,"6.915032","4.894511","-0.700574",,
"1781523052.091",,,,,,,,"6.619759",
"1781523052.125","1.058","0.153","0.905",,,,,,
"1781523052.13",,,,"6.7005743980407715",,,,,
"1781523052.136",,,,,"6.915032","4.894511","-0.700574",,
"1781523052.138",,,,,,,,"6.619759",
"1781523052.172","1.058","0.153","0.905",,,,,,
"1781523052.177",,,,"6.7005743980407715",,,,,
"1781523052.183",,,,,"6.915032","4.894511","-0.700574",,
"1781523052.185",,,,,,,,"6.619759",
"1781523052.219","1.059","0.154","0.905",,,,,,
"1781523052.224",,,,"6.757269382476807",,,,,
"1781523052.23",,,,,"6.876624","4.894511","-0.757269",,
"1781523052.232",,,,,,,,"6.663025",
"1781523052.266","1.058","0.152","0.906",,,,,,
"1781523052.271",,,,"6.6359639167785645",,,,,
"1781523052.277",,,,,"6.960526","4.894511","-0.635964",,
"1781523052.279",,,,,,,,"6.569233",
"1781523052.313","1.058","0.153","0.905",,,,,,
"1781523052.318",,,,"6.7005743980407715",,,,,
"1781523052.324",,,,,"6.915032","4.894511",,,
"1781523052.326",,,,,,,"-0.700574","6.619759",
"1781523052.36","1.058","0.153","0.905",,,,,,
"1781523052.365",,,,"6.7005743980407715",,,,,
"1781523052.371",,,,,"6.915032","4.894511",,,
"1781523052.373",,,,,,,"-0.700574","6.619759",
"1781523052.406","1.058",,,,,,,,
"1781523052.407",,"0.153","0.905",,,,,,
"1781523052.412",,,,"6.7005743980407715",,,,,
"1781523052.418",,,,,"6.915032","4.894511",,,
"1781523052.42",,,,,,,"-0.700574","6.619759",
"1781523052.453","1.059",,,,,,,,
"1781523052.454",,"0.153","0.906",,,,,,
"1781523052.459",,,,"6.69112491607666",,,,,
"1781523052.465",,,,,"6.921569","4.894511","-0.691125",,
"1781523052.467",,,,,,,,"6.612452",
"1781523052.501","1.058","0.153","0.905",,,,,,
"1781523052.507",,,,"6.7005743980407715",,,,,
"1781523052.512",,,,,"6.915032","4.894511","-0.700574",,
"1781523052.514",,,,,,,,"6.619759",
"1781523052.548","1.058","0.153","0.905",,,,,,
"1781523052.553",,,,"6.7005743980407715",,,,,
"1781523052.559",,,,,"6.915032","4.894511",,,
"1781523052.561",,,,,,,"-0.700574","6.619759",
"1781523052.595","1.057","0.152","0.905",,,,,,
"1781523052.6",,,,"6.645143032073975",,,,,
"1781523052.606",,,,,"6.953948","4.894511","-0.645143",,
"1781523052.608",,,,,,,,"6.576492",
"1781523052.642","1.058","0.152","0.906",,,,,,
"1781523052.647",,,,"6.6359639167785645",,,,,
"1781523052.653",,,,,"6.960526","4.894511","-0.635964",,
"1781523052.655",,,,,,,,"6.569233",
"1781523052.689","1.059","0.153","0.906",,,,,,
"1781523052.694",,,,"6.69112491607666",,,,,
"1781523052.7",,,,,"6.921569","4.894511",,,
"1781523052.702",,,,,,,"-0.691125","6.612452",
"1781523052.736","1.057","0.153",,,,,,,
"1781523052.737",,,"0.904",,,,,,
"1781523052.741",,,,"6.710079193115234",,,,,
"1781523052.747",,,,,"6.908497","4.894511","-0.710079",,
"1781523052.749",,,,,,,,"6.627081",
"1781523052.783","1.058","0.152","0.906",,,,,,
"1781523052.788",,,,"6.6359639167785645",,,,,
"1781523052.794",,,,,"6.960526","4.894511",,,
"1781523052.796",,,,,,,"-0.635964","6.569233",
"1781523052.829","1.058","0.153","0.905",,,,,,
"1781523052.835",,,,"6.7005743980407715",,,,,
"1781523052.841",,,,,"6.915032","4.894511",,,
"1781523052.843",,,,,,,"-0.700574","6.619759",
"1781523052.877","1.058","0.154","0.904",,,,,,
"1781523052.882",,,,"6.767059326171875",,,,,
"1781523052.888",,,,,"6.87013","4.894511","-0.767059",,
"1781523052.89",,,,,,,,"6.670396",
"1781523052.924","1.058","0.152","0.906",,,,,,
"1781523052.929",,,,"6.6359639167785645",,,,,
"1781523052.935",,,,,"6.960526","4.894511","-0.635964",,
"1781523052.937",,,,,,,,"6.569233",
"1781523052.97","1.058",,,,,,,,
"1781523052.971",,"0.152","0.906",,,,,,
"1781523053",,,,"6.6359639167785645",,,,,
"1781523053.01",,,,,"6.960526","4.894511","-0.635964","6.569233",
"1781523053.017","1.057","0.153","0.904",,,,,,
"1781523053.025",,,,"6.710079193115234",,,,,
"1781523053.03",,,,,"6.908497","4.894511","-0.710079","6.627081",
"1781523053.064","1.059","0.153","0.906",,,,,,
"1781523053.07",,,,"6.69112491607666",,,,,
"1781523053.076",,,,,"6.921569","4.894511",,,
"1781523053.078",,,,,,,"-0.691125","6.612452",
"1781523053.112","1.059","0.152","0.907",,,,,,
"1781523053.118",,,,"6.626835823059082",,,,,
"1781523053.123",,,,,"6.967105","4.894511","-0.626836",,
"1781523053.125",,,,,,,,"6.561991",
"1781523053.158","1.059",,,,,,,,
"1781523053.159",,"0.153","0.906",,,,,,
"1781523053.164",,,,"6.69112491607666",,,,,
"1781523053.17",,,,,"6.921569","4.894511",,,
"1781523053.172",,,,,,,"-0.691125","6.612452",
"1781523053.206","1.058","0.153","0.905",,,,,,
"1781523053.211",,,,"6.7005743980407715",,,,,
"1781523053.217",,,,,"6.915032","4.894511","-0.700574",,
"1781523053.219",,,,,,,,"6.619759",
"1781523053.252","1.058","0.153",,,,,,,
"1781523053.253",,,"0.905",,,,,,
"1781523053.258",,,,"6.7005743980407715",,,,,
"1781523053.264",,,,,"6.915032","4.894511",,,
"1781523053.266",,,,,,,"-0.700574","6.619759",
"1781523053.3","1.058","0.152","0.906",,,,,,
"1781523053.305",,,,"6.6359639167785645",,,,,
"1781523053.311",,,,,"6.960526","4.894511","-0.635964",,
"1781523053.313",,,,,,,,"6.569233",
"1781523053.347","1.057","0.153","0.904",,,,,,
"1781523053.352",,,,"6.710079193115234",,,,,
"1781523053.358",,,,,"6.908497","4.894511","-0.710079",,
"1781523053.359",,,,,,,,"6.627081",
"1781523053.394","1.058","0.152","0.906",,,,,,
"1781523053.399",,,,"6.6359639167785645",,,,,
"1781523053.405",,,,,"6.960526","4.894511","-0.635964",,
"1781523053.407",,,,,,,,"6.569233",
"1781523053.44","1.059","0.152","0.907",,,,,,
"1781523053.446",,,,"6.626835823059082",,,,,
"1781523053.452",,,,,"6.967105","4.894511","-0.626836",,
"1781523053.454",,,,,,,,"6.561991",
"1781523053.488","1.058","0.152","0.906",,,,,,
"1781523053.493",,,,"6.6359639167785645",,,,,
"1781523053.499",,,,,"6.960526","4.894511","-0.635964",,
"1781523053.501",,,,,,,,"6.569233",
"1781523053.535","1.059","0.153","0.906",,,,,,
"1781523053.54",,,,"6.69112491607666",,,,,
"1781523053.546",,,,,"6.921569","4.894511",,,
"1781523053.548",,,,,,,"-0.691125","6.612452",
"1781523053.582","1.058","0.154","0.904",,,,,,
"1781523053.587",,,,"6.767059326171875",,,,,
"1781523053.593",,,,,"6.87013","4.894511",,,
"1781523053.595",,,,,,,"-0.767059","6.670396",
"1781523053.629","1.058","0.153","0.905",,,,,,
"1781523053.635",,,,"6.7005743980407715",,,,,
"1781523053.64",,,,,"6.915032","4.894511","-0.700574",,
"1781523053.642",,,,,,,,"6.619759",
"1781523053.676","1.059","0.152","0.907",,,,,,
"1781523053.681",,,,"6.626835823059082",,,,,
"1781523053.686",,,,,"6.967105","4.894511","-0.626836",,
"1781523053.688",,,,,,,,"6.561991",
"1781523053.722","1.057","0.152","0.905",,,,,,
"1781523053.728",,,,"6.645143032073975",,,,,
"1781523053.734",,,,,"6.953948","4.894511",,,
"1781523053.735",,,,,,,"-0.645143",,
"1781523053.736",,,,,,,,"6.576492",
"1781523053.769","1.059",,,,,,,,
"1781523053.77",,"0.153","0.906",,,,,,
"1781523053.775",,,,"6.69112491607666",,,,,
"1781523053.781",,,,,"6.921569","4.894511","-0.691125",,
"1781523053.783",,,,,,,,"6.612452",
"1781523053.817","1.059","0.153","0.906",,,,,,
"1781523053.822",,,,"6.69112491607666",,,,,
"1781523053.828",,,,,"6.921569","4.894511",,,
"1781523053.83",,,,,,,"-0.691125","6.612452",
"1781523053.864","1.058","0.153","0.905",,,,,,
"1781523053.869",,,,"6.7005743980407715",,,,,
"1781523053.875",,,,,"6.915032","4.894511",,,
"1781523053.877",,,,,,,"-0.700574","6.619759",
"1781523053.911","1.058","0.152","0.906",,,,,,
"1781523053.916",,,,"6.6359639167785645",,,,,
"1781523053.922",,,,,"6.960526","4.894511","-0.635964",,
"1781523053.924",,,,,,,,"6.569233",
"1781523053.957","1.058",,,,,,,,
"1781523053.958",,"0.153","0.905",,,,,,
"1781523053.963",,,,"6.7005743980407715",,,,,
"1781523053.969",,,,,"6.915032","4.894511",,,
"1781523053.971",,,,,,,"-0.700574","6.619759",
"1781523054.005","1.059","0.153","0.906",,,,,,
"1781523054.01",,,,"6.69112491607666",,,,,
"1781523054.016",,,,,"6.921569","4.894511","-0.691125",,
"1781523054.018",,,,,,,,"6.612452",
"1781523054.052","1.059","0.152","0.907",,,,,,
"1781523054.057",,,,"6.626835823059082",,,,,
"1781523054.063",,,,,"6.967105","4.894511","-0.626836",,
"1781523054.065",,,,,,,,"6.561991",
"1781523054.099","1.059","0.153","0.906",,,,,,
"1781523054.104",,,,"6.69112491607666",,,,,
"1781523054.11",,,,,"6.921569","4.894511",,,
"1781523054.112",,,,,,,"-0.691125","6.612452",
"1781523054.145","1.058",,,,,,,,
"1781523054.146",,"0.153","0.905",,,,,,
"1781523054.151",,,,"6.7005743980407715",,,,,
"1781523054.156",,,,,"6.915032",,,,
"1781523054.157",,,,,,"4.894511",,,
"1781523054.159",,,,,,,"-0.700574","6.619759",
"1781523054.192","1.059",,,,,,,,
"1781523054.193",,"0.153","0.906",,,,,,
"1781523054.198",,,,"6.69112491607666",,,,,
"1781523054.203",,,,,"6.921569",,,,
"1781523054.204",,,,,,"4.894511","-0.691125",,
"1781523054.206",,,,,,,,"6.612452",
"1781523054.24","1.058","0.152","0.906",,,,,,
"1781523054.245",,,,"6.6359639167785645",,,,,
"1781523054.251",,,,,"6.960526","4.894511","-0.635964",,
"1781523054.253",,,,,,,,"6.569233",
"1781523054.286","1.058","0.153","0.905",,,,,,
"1781523054.292",,,,"6.7005743980407715",,,,,
"1781523054.297",,,,,"6.915032","4.894511","-0.700574",,
"1781523054.3",,,,,,,,"6.619759",
"1781523054.334","1.058","0.153","0.905",,,,,,
"1781523054.339",,,,"6.7005743980407715",,,,,
"1781523054.344",,,,,"6.915032","4.894511","-0.700574",,
"1781523054.346",,,,,,,,"6.619759",
"1781523054.38","1.058",,,,,,,,
"1781523054.381",,"0.152","0.906",,,,,,
"1781523054.386",,,,"6.6359639167785645",,,,,
"1781523054.392",,,,,"6.960526","4.894511","-0.635964",,
"1781523054.394",,,,,,,,"6.569233",
"1781523054.427","1.058","0.153","0.905",,,,,,
"1781523054.433",,,,"6.7005743980407715",,,,,
"1781523054.438",,,,,"6.915032","4.894511","-0.700574",,
"1781523054.44",,,,,,,,"6.619759",
"1781523054.474","1.058","0.152","0.906",,,,,,
"1781523054.48",,,,"6.6359639167785645",,,,,
"1781523054.486",,,,,"6.960526","4.894511","-0.635964",,
"1781523054.488",,,,,,,,"6.569233",
"1781523054.522","1.058","0.152","0.906",,,,,,
"1781523054.53",,,,"6.6359639167785645",,,,,
"1781523054.532",,,,,"6.960526","4.894511","-0.635964",,
"1781523054.535",,,,,,,,"6.569233",
"1781523054.569","1.058","0.153","0.905",,,,,,
"1781523054.574",,,,"6.7005743980407715",,,,,
"1781523054.58",,,,,"6.915032","4.894511",,,
"1781523054.582",,,,,,,"-0.700574","6.619759",
"1781523054.616","1.059","0.153","0.906",,,,,,
"1781523054.621",,,,"6.69112491607666",,,,,
"1781523054.626",,,,,"6.921569",,,,
"1781523054.627",,,,,,"4.894511","-0.691125",,
"1781523054.629",,,,,,,,"6.612452",
"1781523054.663","1.058","0.153","0.905",,,,,,
"1781523054.668",,,,"6.7005743980407715",,,,,
"1781523054.673",,,,,"6.915032","4.894511","-0.700574",,
"1781523054.675",,,,,,,,"6.619759",
"1781523054.71","1.059","0.154","0.905",,,,,,
"1781523054.715",,,,"6.757269382476807",,,,,
"1781523054.721",,,,,"6.876624","4.894511","-0.757269",,
"1781523054.723",,,,,,,,"6.663025",
"1781523054.757","1.059","0.152","0.907",,,,,,
"1781523054.762",,,,"6.626835823059082",,,,,
"1781523054.768",,,,,"6.967105","4.894511","-0.626836",,
"1781523054.77",,,,,,,,"6.561991",
"1781523054.804","1.057","0.153","0.904",,,,,,
"1781523054.809",,,,"6.710079193115234",,,,,
"1781523054.815",,,,,"6.908497","4.894511","-0.710079",,
"1781523054.817",,,,,,,,"6.627081",
"1781523054.851","1.057","0.153","0.904",,,,,,
"1781523054.856",,,,"6.710079193115234",,,,,
"1781523054.862",,,,,"6.908497","4.894511",,,
"1781523054.864",,,,,,,"-0.710079","6.627081",
"1781523054.897","1.058","0.154",,,,,,,
"1781523054.898",,,"0.904",,,,,,
"1781523054.903",,,,"6.767059326171875",,,,,
"1781523054.909",,,,,"6.87013","4.894511",,,
"1781523054.911",,,,,,,"-0.767059","6.670396",
"1781523054.945","1.057","0.154","0.903",,,,,,
"1781523054.95",,,,"6.776912212371826",,,,,
"1781523054.956",,,,,"6.863636","4.894511",,,
"1781523054.958",,,,,,,"-0.776912","6.677783",
"1781523054.991","1.059","0.153","0.906",,,,,,
"1781523054.997",,,,"6.69112491607666",,,,,
"1781523055.002",,,,,"6.921569",,,,
"1781523055.003",,,,,,"4.894511",,,
"1781523055.005",,,,,,,"-0.691125","6.612452",
"1781523055.039","1.059","0.154","0.905",,,,,,
"1781523055.044",,,,"6.757269382476807",,,,,
"1781523055.05",,,,,"6.876624","4.894511","-0.757269",,
"1781523055.052",,,,,,,,"6.663025",
"1781523055.086","1.058","0.152","0.906",,,,,,
"1781523055.091",,,,"6.6359639167785645",,,,,
"1781523055.097",,,,,"6.960526","4.894511","-0.635964",,
"1781523055.099",,,,,,,,"6.569233",
"1781523055.132","1.057",,,,,,,,
"1781523055.133",,"0.153","0.904",,,,,,
"1781523055.138",,,,"6.710079193115234",,,,,
"1781523055.144",,,,,"6.908497","4.894511",,,
"1781523055.146",,,,,,,"-0.710079","6.627081",
"1781523055.18","1.059","0.152","0.907",,,,,,
"1781523055.185",,,,"6.626835823059082",,,,,
"1781523055.19",,,,,"6.967105","4.894511",,,
"1781523055.191",,,,,,,"-0.626836",,
"1781523055.192",,,,,,,,"6.561991",
"1781523055.226","1.058","0.152",,,,,,,
"1781523055.227",,,"0.906",,,,,,
"1781523055.232",,,,"6.6359639167785645",,,,,
"1781523055.238",,,,,"6.960526","4.894511",,,
"1781523055.239",,,,,,,"-0.635964",,
"1781523055.24",,,,,,,,"6.569233",
"1781523055.273","1.058",,,,,,,,
"1781523055.274",,"0.153","0.905",,,,,,
"1781523055.279",,,,"6.7005743980407715",,,,,
"1781523055.285",,,,,"6.915032","4.894511",,,
"1781523055.287",,,,,,,"-0.700574","6.619759",
"1781523055.321","1.058","0.152","0.906",,,,,,
"1781523055.326",,,,"6.6359639167785645",,,,,
"1781523055.332",,,,,"6.960526","4.894511","-0.635964",,
"1781523055.334",,,,,,,,"6.569233",
"1781523055.368","1.058","0.152","0.906",,,,,,
"1781523055.373",,,,"6.6359639167785645",,,,,
"1781523055.379",,,,,"6.960526","4.894511",,,
"1781523055.381",,,,,,,"-0.635964","6.569233",
"1781523055.415","1.058","0.152","0.906",,,,,,
"1781523055.42",,,,"6.6359639167785645",,,,,
"1781523055.426",,,,,"6.960526","4.894511","-0.635964",,
"1781523055.428",,,,,,,,"6.569233",
"1781523055.461","1.058",,,,,,,,
"1781523055.462",,"0.152","0.906",,,,,,
"1781523055.467",,,,"6.6359639167785645",,,,,
"1781523055.473",,,,,"6.960526","4.894511",,,
"1781523055.475",,,,,,,"-0.635964","6.569233",
"1781523055.509","1.058","0.153","0.905",,,,,,
"1781523055.514",,,,"6.7005743980407715",,,,,
"1781523055.52",,,,,"6.915032","4.894511","-0.700574",,
"1781523055.522",,,,,,,,"6.619759",
"1781523055.556","1.059","0.152","0.907",,,,,,
"1781523055.561",,,,"6.626835823059082",,,,,
"1781523055.567",,,,,"6.967105","4.894511",,,
"1781523055.569",,,,,,,"-0.626836","6.561991",
"1781523055.603","1.058","0.152","0.906",,,,,,
"1781523055.608",,,,"6.6359639167785645",,,,,
"1781523055.614",,,,,"6.960526","4.894511","-0.635964",,
"1781523055.616",,,,,,,,"6.569233",
"1781523055.65","1.059","0.152","0.907",,,,,,
"1781523055.655",,,,"6.626835823059082",,,,,
"1781523055.661",,,,,"6.967105","4.894511","-0.626836",,
"1781523055.663",,,,,,,,"6.561991",
"1781523055.697","1.058","0.152","0.906",,,,,,
"1781523055.702",,,,"6.6359639167785645",,,,,
"1781523055.707",,,,,"6.960526",,,,
"1781523055.708",,,,,,"4.894511",,,
"1781523055.71",,,,,,,"-0.635964","6.569233",
"1781523055.744","1.057","0.153","0.904",,,,,,
"1781523055.749",,,,"6.710079193115234",,,,,
"1781523055.755",,,,,"6.908497","4.894511","-0.710079",,
"1781523055.757",,,,,,,,"6.627081",
"1781523055.79","1.058","0.153","0.905",,,,,,
"1781523055.796",,,,"6.7005743980407715",,,,,
"1781523055.802",,,,,"6.915032","4.894511","-0.700574",,
"1781523055.804",,,,,,,,"6.619759",
"1781523055.837","1.058",,,,,,,,
"1781523055.838",,"0.153","0.905",,,,,,
"1781523055.843",,,,"6.7005743980407715",,,,,
"1781523055.848",,,,,"6.915032","4.894511",,,
"1781523055.85",,,,,,,"-0.700574","6.619759",
"1781523055.885","1.058","0.152","0.906",,,,,,
"1781523055.89",,,,"6.6359639167785645",,,,,
"1781523055.896",,,,,"6.960526","4.894511",,,
"1781523055.898",,,,,,,"-0.635964","6.569233",
"1781523055.931","1.058","0.152",,,,,,,
"1781523055.932",,,"0.906",,,,,,
"1781523055.937",,,,"6.6359639167785645",,,,,
"1781523055.943",,,,,"6.960526","4.894511","-0.635964",,
"1781523055.945",,,,,,,,"6.569233",
"1781523055.978","1.058","0.151","0.907",,,,,,
"1781523055.984",,,,"6.573112487792969",,,,,
"1781523055.989",,,,,"7.006623","4.894511","-0.573112",,
"1781523055.991",,,,,,,,"6.51882",
"1781523056.026","1.058","0.153","0.905",,,,,,
"1781523056.031",,,,"6.7005743980407715",,,,,
"1781523056.037",,,,,"6.915032","4.894511","-0.700574",,
"1781523056.039",,,,,,,,"6.619759",
"1781523056.072","1.059",,,,,,,,
"1781523056.073",,"0.153","0.906",,,,,,
"1781523056.078",,,,"6.69112491607666",,,,,
"1781523056.084",,,,,"6.921569","4.894511","-0.691125",,
"1781523056.086",,,,,,,,"6.612452",
"1781523056.119","1.059","0.152","0.907",,,,,,
"1781523056.125",,,,"6.626835823059082",,,,,
"1781523056.13",,,,,"6.967105","4.894511",,,
"1781523056.132",,,,,,,"-0.626836","6.561991",
"1781523056.167","1.06","0.153","0.907",,,,,,
"1781523056.172",,,,"6.681731224060059",,,,,
"1781523056.178",,,,,"6.928104","4.894511","-0.681731",,
"1781523056.18",,,,,,,,"6.605162",
"1781523056.214","1.058","0.153","0.905",,,,,,
"1781523056.219",,,,"6.7005743980407715",,,,,
"1781523056.225",,,,,"6.915032","4.894511",,,
"1781523056.227",,,,,,,"-0.700574","6.619759",
"1781523056.26","1.059",,,,,,,,
"1781523056.261",,"0.152","0.907",,,,,,
"1781523056.266",,,,"6.626835823059082",,,,,
"1781523056.271",,,,,"6.967105",,,,
"1781523056.272",,,,,,"4.894511",,,
"1781523056.274",,,,,,,"-0.626836","6.561991",
"1781523056.307","1.058","0.152",,,,,,,
"1781523056.308",,,"0.906",,,,,,
"1781523056.313",,,,"6.6359639167785645",,,,,
"1781523056.318",,,,,"6.960526","4.894511","-0.635964",,
"1781523056.32",,,,,,,,"6.569233",
"1781523056.355","1.058","0.153","0.905",,,,,,
"1781523056.36",,,,"6.7005743980407715",,,,,
"1781523056.366",,,,,"6.915032","4.894511",,,
"1781523056.368",,,,,,,"-0.700574","6.619759",
"1781523056.401","1.058",,,,,,,,
"1781523056.402",,"0.152","0.906",,,,,,
"1781523056.407",,,,"6.6359639167785645",,,,,
"1781523056.413",,,,,"6.960526","4.894511",,,
"1781523056.415",,,,,,,"-0.635964","6.569233",
"1781523056.449","1.058","0.153","0.905",,,,,,
"1781523056.454",,,,"6.7005743980407715",,,,,
"1781523056.459",,,,,"6.915032",,,,
"1781523056.46",,,,,,"4.894511","-0.700574",,
"1781523056.462",,,,,,,,"6.619759",
"1781523056.496","1.058","0.151","0.907",,,,,,
"1781523056.501",,,,"6.573112487792969",,,,,
"1781523056.506",,,,,"7.006623","4.894511","-0.573112",,
"1781523056.508",,,,,,,,"6.51882",
"1781523056.543","1.059","0.152","0.907",,,,,,
"1781523056.548",,,,"6.626835823059082",,,,,
"1781523056.554",,,,,"6.967105","4.894511","-0.626836",,
"1781523056.556",,,,,,,,"6.561991",
