timestamp(ms),C2 (pf),C1 - C2 (pf),d (pm),C1 (pf),
"1780649778.541",,,,"5.464",
"1780649778.562","5.361","103","416.3883",,
"1780649778.576",,,,"5.584",
"1780649778.598","5.462","122","358.1639",,
"1780649778.613",,,,"5.469",
"1780649778.634","5.419","50","867.04",,
"1780649778.648",,,,"5.443",
"1780649778.67","5.28","163","259.1411",,
"1780649778.685",,,,"5.415",
"1780649778.706","5.227","188","222.4255",,
"1780649778.72",,,,"5.335",
"1780649778.742","5.182","153","270.9543",,
"1780649778.757",,,,"5.299",
"1780649778.778","5.139","160","256.95",,
"1780649778.793",,,,"5.282",
"1780649778.814","5.183","99","418.8283",,
"1780649778.828",,,,"5.321",
"1780649778.85","5.139",,,,
"1780649778.851",,"182","225.8901",,
"1780649778.865",,,,"5.228",
"1780649778.886","5.129",,,,
"1780649778.887",,"99","414.4647",,
"1780649778.9",,,,"5.339",
"1780649778.922","5.28","59","715.9322",,
"1780649778.937",,,,"5.401",
"1780649778.958","5.253","148","283.946",,
"1780649778.972",,,,"5.37",
"1780649778.994","5.282","88","480.1818",,
"1780649779.008",,,,"5.562",
"1780649779.03","5.589",,,,
"1780649779.031",,"-27","-1656",,
"1780649779.044",,,,"5.829",
"1780649779.066","5.714","115","397.4957",,
"1780649779.08",,,,"5.849",
"1780649779.102","5.72","129","354.7287",,
"1780649779.116",,,,"5.854",
"1780649779.139","5.721","133","344.1203",,
"1780649779.153",,,,"5.887",
"1780649779.174","5.787","100","462.96",,
"1780649779.188",,,,"5.943",
"1780649779.21","5.812","131","354.9313",,
"1780649779.224",,,,"5.946",
"1780649779.246","5.808","138","336.6956",,
"1780649779.26",,,,"5.944",
"1780649779.282","5.799","145","319.9448",,
"1780649779.297",,,,"5.924",
"1780649779.318","5.797",,,,
"1780649779.319",,"127","365.1653",,
"1780649779.333",,,,"5.935",
"1780649779.355","5.793","142","326.3662",,
"1780649779.368",,,,"5.923",
"1780649779.39","5.801","122","380.3934",,
"1780649779.404",,,,"5.932",
"1780649779.426","5.792","140","330.9714",,
"1780649779.44",,,,"5.935",
"1780649779.462","5.791","144","321.7222",,
"1780649779.476",,,,"5.928",
"1780649779.498","5.799","129","359.6279",,
"1780649779.512",,,,"5.941",
"1780649779.534","5.798","143","324.3636",,
"1780649779.548",,,,"5.937",
"1780649779.57","5.815","122",,,
"1780649779.571",,,"381.3115",,
"1780649779.584",,,,"5.959",
"1780649779.606","5.835","124","376.4516",,
"1780649779.62",,,,"5.981",
"1780649779.642","5.848","133","351.7594",,
"1780649779.656",,,,"5.991",
"1780649779.678","5.846","145","322.5379",,
"1780649779.693",,,,"5.983",
"1780649779.714","5.852","131","357.3741",,
"1780649779.728",,,,"5.981",
"1780649779.75","5.856","125","374.784",,
"1780649779.764",,,,"5.986",
"1780649779.786","5.851","135","346.7259",,
"1780649779.801",,,,"5.988",
"1780649779.822","5.857","131","357.6794",,
"1780649779.836",,,,"5.981",
"1780649779.858","5.856","125","374.784",,
"1780649779.872",,,,"5.99",
"1780649779.894","5.857","133","352.3008",,
"1780649779.909",,,,"5.988",
"1780649779.93","5.859",,,,
"1780649779.931",,"129","363.3488",,
"1780649779.944",,,,"5.992",
"1780649779.966","5.863","129","363.5969",,
"1780649779.98",,,,"6.011",
"1780649780.002","5.885","126","373.6508",,
"1780649780.016",,,,"6.057",
"1780649780.038","5.93","127","373.5433",,
"1780649780.052",,,,"6.07",
"1780649780.074","5.932","138","343.8841",,
"1780649780.088",,,,"6.059",
"1780649780.11","5.92","139","340.7194",,
"1780649780.124",,,,"6.05",
"1780649780.146","5.912","138","342.7246",,
"1780649780.16",,,,"6.052",
"1780649780.182","5.907","145",,,
"1780649780.183",,,"325.9034",,
"1780649780.197",,,,"6.05",
"1780649780.218","5.91","140","337.7143",,
"1780649780.233",,,,"6.053",
"1780649780.254","5.928","125","379.392",,
"1780649780.269",,,,"6.067",
"1780649780.29","5.924","143","331.4126",,
"1780649780.304",,,,"6.071",
"1780649780.326","5.936","135","351.763",,
"1780649780.34",,,,"6.079",
"1780649780.362","5.937","142","334.4789",,
"1780649780.377",,,,"6.071",
"1780649780.398","5.939","132","359.9394",,
"1780649780.412",,,,"6.076",
"1780649780.434","5.947","129","368.8062",,
"1780649780.448",,,,"6.082",
"1780649780.47","5.947","135","352.4148",,
"1780649780.484",,,,"6.088",
"1780649780.506","5.964","124","384.7742",,
"1780649780.52",,,,"6.108",
"1780649780.542","5.97","138","346.0869",,
"1780649780.556",,,,"6.113",
"1780649780.579","5.976","137","348.9635",,
"1780649780.592",,,,"6.123",
"1780649780.614","5.98",,,,
"1780649780.615",,"143","334.5454",,
"1780649780.628",,,,"6.124",
"1780649780.65","5.992","132","363.1515",,
"1780649780.664",,,,"6.114",
"1780649780.686","5.986","128","374.125",,
"1780649780.701",,,,"6.13",
"1780649780.722","5.989",,,,
"1780649780.723",,"141","339.8014",,
"1780649780.737",,,,"6.131",
"1780649780.758","5.986","145","330.2621",,
"1780649780.772",,,,"6.12",
"1780649780.794","5.986","134","357.3731",,
"1780649780.808",,,,"6.103",
"1780649780.83","5.965","138","345.7971",,
"1780649780.844",,,,"6.081",
"1780649780.866","5.934","147","322.9388",,
"1780649780.88",,,,"6.061",
"1780649780.902","5.91","151","313.1126",,
"1780649780.916",,,,"6.021",
"1780649780.938","5.858",,,,
"1780649780.939",,"163","287.5092",,
"1780649780.952",,,,"5.954",
"1780649780.974","5.8","154","301.2987",,
"1780649780.988",,,,"5.947",
"1780649781.01","5.824","123","378.7968",,
"1780649781.024",,,,"5.992",
"1780649781.046","5.839","153","305.3072",,
"1780649781.06",,,,"5.954",
"1780649781.082","5.797","157","295.3885",,
"1780649781.096",,,,"5.913",
"1780649781.118","5.764","149","309.4765",,
"1780649781.132",,,,"5.879",
"1780649781.154","5.736","143","320.8951",,
"1780649781.168",,,,"5.882",
"1780649781.19","5.746","136","338",,
"1780649781.204",,,,"5.912",
"1780649781.226","5.773","139","332.259",,
"1780649781.24",,,,"5.943",
"1780649781.262","5.847","96","487.25",,
"1780649781.276",,,,"5.774",
"1780649781.298","5.528","246","179.7724",,
"1780649781.313",,,,"5.65",
"1780649781.334","5.557","93","478.0215",,
"1780649781.348",,,,"5.668",
"1780649781.37","5.523","145","304.7173",,
"1780649781.384",,,,"5.755",
"1780649781.406","5.683","72","631.4445",,
"1780649781.42",,,,"5.842",
"1780649781.442","5.536","306","144.732",,
"1780649781.456",,,,"5.615",
"1780649781.478","5.53","85","520.4706",,
"1780649781.492",,,,"5.616",
"1780649781.514","5.339","277","154.1949",,
"1780649781.528",,,,"5.395",
"1780649781.55","5.412","-17","-2546.8235",,
"1780649781.565",,,,"5.472",
"1780649781.586","5.253",,,,
"1780649781.587",,"219","191.8904",,
"1780649781.6",,,,"5.375",
"1780649781.622","5.355","20","2142",,
"1780649781.636",,,,"5.534",
"1780649781.658","5.472","62","706.0645",,
"1780649781.672",,,,"5.579",
"1780649781.694","5.483","96","456.9167",,
"1780649781.708",,,,"5.695",
"1780649781.73","5.515","180","245.1111",,
"1780649781.744",,,,"5.539",
"1780649781.766","5.289","250","169.248",,
"1780649781.78",,,,"5.435",
"1780649781.802","5.402","33","1309.5758",,
"1780649781.816",,,,"5.635",
"1780649781.838","5.482",,,,
"1780649781.839",,"153","286.6405",,
"1780649781.853",,,,"5.533",
"1780649781.874","5.322","211","201.782",,
"1780649781.888",,,,"5.407",
"1780649781.91","5.257",,,,
"1780649781.911",,"150","280.3733",,
"1780649781.925",,,,"5.487",
"1780649781.946","5.459","28","1559.7142",,
"1780649781.96",,,,"5.717",
"1780649781.982","5.774","-57","-810.386",,
"1780649781.996",,,,"5.968",
"1780649782.018","5.835","133","350.9774",,
"1780649782.032",,,,"5.949",
"1780649782.055","5.803","146","317.9726",,
"1780649782.069",,,,"5.93",
"1780649782.09","5.799","131","354.1374",,
"1780649782.104",,,,"5.937",
"1780649782.126","5.809","128","363.0625",,
"1780649782.14",,,,"5.965",
"1780649782.162","5.848","117","399.8633",,
"1780649782.176",,,,"5.983",
"1780649782.198","5.858","125","374.912",,
"1780649782.212",,,,"6.013",
"1780649782.234","5.935",,,,
"1780649782.235",,"78","608.718",,
"1780649782.248",,,,"6.13",
"1780649782.27","6.004","126","381.2064",,
"1780649782.285",,,,"6.16",
"1780649782.306","6.012","148","324.973",,
"1780649782.32",,,,"6.154",
"1780649782.342","6.023","131","367.8168",,
"1780649782.356",,,,"6.149",
"1780649782.378","6.011","138","348.4638",,
"1780649782.393",,,,"6.14",
"1780649782.414","6.003","137","350.5402",,
"1780649782.429",,,,"6.14",
"1780649782.45","6.002","138","347.942",,
"1780649782.464",,,,"6.146",
"1780649782.486","6.007","139","345.7266",,
"1780649782.5",,,,"6.151",
"1780649782.522","6.018","133","361.985",,
"1780649782.536",,,,"6.151",
"1780649782.558","6.007","144","333.7222",,
"1780649782.572",,,,"6.152",
"1780649782.594","6.017","135","356.563",,
"1780649782.608",,,,"6.144",
"1780649782.63","5.965","179","266.5922",,
"1780649782.644",,,,"6.052",
"1780649782.666","5.867","185","253.7081",,
"1780649782.68",,,,"5.984",
"1780649782.702","5.821","163","285.6932",,
"1780649782.716",,,,"5.915",
"1780649782.738","5.739","176","260.8636",,
"1780649782.752",,,,"5.887",
"1780649782.774","5.72","167","274.012",,
"1780649782.788",,,,"5.801",
"1780649782.81","5.623","178","252.7191",,
"1780649782.825",,,,"5.671",
"1780649782.846","5.479",,,,
"1780649782.847",,"192","228.2917",,
"1780649782.86",,,,"5.58",
"1780649782.882","5.385","195","220.9231",,
"1780649782.896",,,,"5.45",
"1780649782.918","5.322","128","332.625",,
"1780649782.932",,,,"5.505",
"1780649782.954","5.413","92","470.6956",,
"1780649782.968",,,,"5.511",
"1780649782.99","5.326",,,,
"1780649782.991",,"185","230.3135",,
"1780649783.004",,,,"5.407",
"1780649783.026","5.333","74","576.5405",,
"1780649783.04",,,,"5.529",
"1780649783.062","5.432","97","448",,
"1780649783.076",,,,"5.551",
"1780649783.098","5.431","120","362.0667",,
"1780649783.112",,,,"5.59",
"1780649783.134","5.384","206","209.0874",,
"1780649783.148",,,,"5.408",
"1780649783.17","5.172","236","175.322",,
"1780649783.184",,,,"5.272",
"1780649783.206","5.136","136","302.1176",,
"1780649783.22",,,,"5.231",
"1780649783.242","5.078","153","265.5163",,
"1780649783.256",,,,"5.241",
"1780649783.278","5.097","144","283.1667",,
"1780649783.292",,,,"5.207",
"1780649783.314","5.085","122","333.4426",,
"1780649783.328",,,,"5.233",
"1780649783.35","5.104","129","316.5271",,
"1780649783.364",,,,"5.204",
"1780649783.386","5.046","158",,,
"1780649783.387",,,"255.4937",,
"1780649783.4",,,,"5.171",
"1780649783.422","5.04","131","307.7863",,
"1780649783.436",,,,"5.18",
"1780649783.458","5.024","156","257.641",,
"1780649783.472",,,,"5.166",
"1780649783.494","5.04","126","320",,
"1780649783.508",,,,"5.154",
"1780649783.53","4.984","170","234.5412",,
"1780649783.544",,,,"5.112",
"1780649783.566","5.005","107","374.2056",,
"1780649783.58",,,,"5.132",
"1780649783.602","4.971","161","247.0062",,
"1780649783.616",,,,"5.079",
"1780649783.638","4.953","126","314.4762",,
"1780649783.652",,,,"5.106",
"1780649783.674","4.946","160","247.3",,
"1780649783.688",,,,"5.106",
"1780649783.71","4.971","135","294.5778",,
"1780649783.724",,,,"5.067",
"1780649783.746","4.925","142","277.4648",,
"1780649783.76",,,,"5.035",
"1780649783.782","4.915","120","327.6667",,
"1780649783.796",,,,"5.08",
"1780649783.818","4.918","162","242.8642",,
"1780649783.832",,,,"5.016",
"1780649783.854","4.857","159","244.3774",,
"1780649783.868",,,,"5.025",
"1780649783.89","4.883","142","275.0986",,
"1780649783.904",,,,"5.028",
"1780649783.926","4.991","37","1079.1351",,
"1780649783.94",,,,"5.121",
"1780649783.962","4.987","134","297.7314",,
"1780649783.992",,,,"5.124",
"1780649783.998","5.022","102","393.8824",,
"1780649784.012",,,,"5.2",
"1780649784.034","5.149","51","807.6863",,
"1780649784.048",,,,"5.293",
"1780649784.07","5.163","130","317.7231",,
"1780649784.084",,,,"5.312",
"1780649784.106","5.199","113","368.0708",,
"1780649784.12",,,,"5.418",
"1780649784.142","5.337","81","527.1111",,
"1780649784.156",,,,"5.508",
"1780649784.178","5.386","122","353.1803",,
"1780649784.192",,,,"5.501",
"1780649784.214","5.353","148","289.3513",,
"1780649784.228",,,,"5.482",
"1780649784.25","5.342","140","305.2571",,
"1780649784.264",,,,"5.452",
"1780649784.286","5.297","155","273.3936",,
"1780649784.3",,,,"5.429",
"1780649784.322","5.28","149","283.4899",,
"1780649784.336",,,,"5.43",
"1780649784.358","5.312","118","360.1356",,
"1780649784.372",,,,"5.463",
"1780649784.394","5.321","142","299.7747",,
"1780649784.408",,,,"5.444",
"1780649784.43","5.248","196","214.2041",,
"1780649784.444",,,,"5.345",
"1780649784.466","5.161","184","224.3913",,
"1780649784.48",,,,"5.254",
"1780649784.502","5.095","159","256.3522",,
"1780649784.516",,,,"5.194",
"1780649784.538","5.031","163","246.9202",,
"1780649784.552",,,,"5.174",
"1780649784.574","5.01","164","244.3902",,
"1780649784.588",,,,"5.12",
"1780649784.61","4.966","154","257.974",,
"1780649784.624",,,,"5.082",
"1780649784.646","4.926","156","252.6154",,
"1780649784.66",,,,"5.042",
"1780649784.682","4.86","182","213.6264",,
"1780649784.696",,,,"4.931",
"1780649784.718","4.764","167",,,
"1780649784.719",,,"228.2156",,
"1780649784.732",,,,"4.823",
"1780649784.754","4.757","66","576.6061",,
"1780649784.768",,,,"4.915",
"1780649784.79","4.746","169","224.6627",,
"1780649784.804",,,,"4.829",
"1780649784.826","4.686",,,,
"1780649784.827",,"143","262.1538",,
"1780649784.84",,,,"4.801",
"1780649784.862","4.633","168","220.619",,
"1780649784.877",,,,"4.761",
"1780649784.898","4.601","160","230.05",,
"1780649784.912",,,,"4.744",
"1780649784.934","4.601","143","257.3986",,
"1780649784.948",,,,"4.733",
"1780649784.97","4.589","144","254.9444",,
"1780649784.984",,,,"4.735",
"1780649785.006","4.607","128","287.9375",,
"1780649785.02",,,,"4.742",
"1780649785.042","4.61","132","279.394",,
"1780649785.056",,,,"4.84",
"1780649785.078","4.723","117","322.9402",,
"1780649785.092",,,,"4.85",
"1780649785.114","4.671","179","208.7598",,
"1780649785.128",,,,"4.77",
"1780649785.15","4.613",,,,
"1780649785.151",,"157","235.0573",,
"1780649785.164",,,,"4.771",
"1780649785.186","4.662","109","342.1651",,
"1780649785.2",,,,"4.811",
"1780649785.222","4.635","176","210.6818",,
"1780649785.236",,,,"4.744",
"1780649785.258","4.595",,,,
"1780649785.259",,"149","246.7114",,
"1780649785.272",,,,"4.71",
"1780649785.294","4.572",,,,
"1780649785.295",,"138","265.0435",,
"1780649785.308",,,,"4.715",
"1780649785.33","4.585","130","282.1538",,
"1780649785.344",,,,"4.716",
"1780649785.366","4.589","127","289.0709",,
"1780649785.38",,,,"4.735",
"1780649785.402","4.606","129","285.6434",,
"1780649785.416",,,,"4.748",
"1780649785.438","4.633","115","322.2957",,
"1780649785.452",,,,"6.871",
"1780649785.474","8.053","-1182","-54.5042",,
"1780649785.488",,,,"7.313",
"1780649785.51","5.733","1580","29.0278",,
"1780649785.524",,,,"5.018",
"1780649785.546","4.64","378","98.2011",,
"1780649785.56",,,,"5.416",
"1780649785.582","6.866","-1450","-37.8814",,
"1780649785.596",,,,"6.7",
"1780649785.618","6.554","146","359.1233",,
"1780649785.632",,,,"8.07",
"1780649785.654","9.107","-1037","-70.2565",,
"1780649785.668",,,,"9.877",
"1780649785.691","10.157","-280","-290.2",,
"1780649785.704",,,,"10.247",
"1780649785.726","9.388","859","87.4319",,
"1780649785.74",,,,"10.386",
"1780649785.762","11.26","-874","-103.0664",,
"1780649785.776",,,,"7.754",
"1780649785.798","6.434","1320","38.9939",,
"1780649785.813",,,,"7.119",
"1780649785.834","7.17","-51",,,
"1780649785.835",,,"-1124.7059",,
"1780649785.848",,,,"5.134",
"1780649785.87","4.743","391","97.0435",,
"1780649785.884",,,,"4.89",
"1780649785.906","4.679","211","177.4028",,
"1780649785.92",,,,"4.774",
"1780649785.942","4.711","63","598.2222",,
"1780649785.956",,,,"4.883",
"1780649785.979","4.78","103","371.2621",,
"1780649785.992",,,,"4.917",
"1780649786.014","4.8","117","328.2051",,
"1780649786.028",,,,"4.962",
"1780649786.05","4.82","142","271.5493",,
"1780649786.064",,,,"4.942",
"1780649786.086","4.817",,,,
"1780649786.087",,"125","308.288",,
"1780649786.1",,,,"4.993",
"1780649786.122","4.894","99","395.4748",,
"1780649786.136",,,,"5.052",
"1780649786.158","4.935","117","337.4359",,
"1780649786.172",,,,"5.063",
"1780649786.194","4.939","124","318.6452",,
"1780649786.208",,,,"5.084",
"1780649786.23","4.957","127","312.252",,
"1780649786.244",,,,"5.077",
"1780649786.266","4.942","135","292.8593",,
"1780649786.28",,,,"5.077",
"1780649786.3","4.936","141","280.0567",,
"1780649786.315",,,,"5.086",
"1780649786.336","4.951",,,,
"1780649786.337",,"135","293.3926",,
"1780649786.351",,,,"5.104",
"1780649786.372","4.949","155","255.4323",,
"1780649786.386",,,,"5.078",
"1780649786.408","4.925",,,,
"1780649786.409",,"153","257.5163",,
"1780649786.422",,,,"5.06",
"1780649786.444","4.932","128","308.25",,
"1780649786.459",,,,"5.076",
"1780649786.48","4.945","131","301.9847",,
"1780649786.495",,,,"5.09",
"1780649786.516","4.971","119","334.1849",,
"1780649786.53",,,,"5.12",
"1780649786.552","4.959","161","246.4099",,
"1780649786.566",,,,"5.094",
"1780649786.589","4.949","145","273.0483",,
"1780649786.603",,,,"5.07",
"1780649786.624","4.922","148","266.054",,
"1780649786.638",,,,"5.064",
"1780649786.66","4.902","162","242.0741",,
"1780649786.675",,,,"5.045",
"1780649786.696","4.906","139","282.3597",,
"1780649786.71",,,,"5.078",
"1780649786.732","4.965",,,,
"1780649786.733",,"113","351.5044",,
"1780649786.747",,,,"5.136",
"1780649786.768","5.043","93","433.8065",,
"1780649786.783",,,,"5.132",
"1780649786.804","5.041",,,,
"1780649786.805",,"91","443.1648",,
"1780649786.819",,,,"5.182",
"1780649786.84","5.081","101","402.4554",,
"1780649786.855",,,,"5.181",
"1780649786.876","4.966","215","184.7814",,
"1780649786.89",,,,"5.052",
"1780649786.912","4.92","132","298.1818",,
"1780649786.926",,,,"5.007",
"1780649786.948","4.863","144","270.1667",,
"1780649786.962",,,,"5.015",
"1780649786.984","4.899","116","337.8621",,
"1780649786.998",,,,"5.046",
"1780649787.02","5.007","39","1027.0769",,
"1780649787.035",,,,"5.186",
"1780649787.056","5.028","158","254.5823",,
"1780649787.071",,,,"5.299",
"1780649787.092","5.258","41","1025.9512",,
"1780649787.106",,,,"5.054",
"1780649787.128","4.925","129","305.4264",,
"1780649787.142",,,,"5.043",
"1780649787.164","4.961","82","484",,
"1780649787.179",,,,"5.436",
"1780649787.201","5.484","-48","-914",,
"1780649787.215",,,,"5.144",
"1780649787.236","4.915",,,,
"1780649787.237",,"229","171.7031",,
"1780649787.25",,,,"5.007",
"1780649787.272","4.96","47","844.2553",,
"1780649787.286",,,,"5.146",
"1780649787.308","4.96",,,,
"1780649787.309",,"186","213.3333",,
"1780649787.322",,,,"5.077",
"1780649787.344","4.972","105","378.8191",,
"1780649787.358",,,,"5.381",
"1780649787.38","5.629","-248","-181.5806",,
"1780649787.394",,,,"5.953",
"1780649787.416","5.755","198","232.5253",,
"1780649787.43",,,,"5.782",
"1780649787.452","5.52",,,,
"1780649787.453",,"262","168.5496",,
"1780649787.466",,,,"5.601",
"1780649787.488","5.472","129","339.3488",,
"1780649787.503",,,,"5.638",
"1780649787.524","5.528",,,,
"1780649787.525",,"110","402.0364",,
"1780649787.538",,,,"5.633",
"1780649787.56","5.401","232","186.2414",,
"1780649787.575",,,,"5.496",
"1780649787.596","5.36","136",,,
"1780649787.597",,,"315.2941",,
"1780649787.611",,,,"5.534",
"1780649787.632","5.447","87",,,
"1780649787.633",,,"500.8736",,
"1780649787.646",,,,"5.647",
"1780649787.668","5.536","111","398.991",,
"1780649787.682",,,,"5.642",
"1780649787.704","5.497","145","303.2827",,
"1780649787.719",,,,"5.621",
"1780649787.74","5.528","93","475.5269",,
"1780649787.754",,,,"5.753",
"1780649787.776","5.672","81","560.1975",,
"1780649787.79",,,,"5.817",
"1780649787.812","5.662","155","292.2323",,
"1780649787.827",,,,"5.754",
"1780649787.848","5.557","197","225.665",,
"1780649787.863",,,,"5.621",
"1780649787.884","5.46","161","271.3044",,
"1780649787.899",,,,"5.581",
"1780649787.92","5.425","156",,,
"1780649787.921",,,"278.2051",,
"1780649787.934",,,,"5.533",
"1780649787.956","5.381","152","283.2105",,
"1780649787.971",,,,"5.51",
"1780649787.992","5.393","117","368.7521",,
"1780649788.006",,,,"5.538",
"1780649788.028","5.458","80","545.8",,
"1780649788.042",,,,"5.563",
"1780649788.064","5.413","150","288.6933",,
"1780649788.079",,,,"5.533",
"1780649788.1","5.383",,,,
"1780649788.101",,"150","287.0933",,
"1780649788.115",,,,"5.51",
"1780649788.136","5.349","161","265.7888",,
"1780649788.151",,,,"5.479",
"1780649788.172","5.331","148","288.1622",,
"1780649788.187",,,,"5.466",
"1780649788.208","5.342","124","344.6452",,
"1780649788.222",,,,"5.468",
"1780649788.244","5.324","144","295.7778",,
"1780649788.259",,,,"5.444",
"1780649788.28","5.32","124",,,
"1780649788.281",,,"343.2258",,
"1780649788.294",,,,"5.435",
"1780649788.316","5.286","149","283.8121",,
"1780649788.33",,,,"5.415",
"1780649788.352","5.288","127",,,
"1780649788.353",,,"333.1024",,
"1780649788.367",,,,"5.426",
"1780649788.388","5.281","145","291.3655",,
"1780649788.402",,,,"5.415",
"1780649788.424","5.286","129","327.814",,
"1780649788.439",,,,"5.436",
"1780649788.46","5.317","119","357.4454",,
"1780649788.474",,,,"5.435",
"1780649788.496","5.324","111","383.7117",,
"1780649788.51",,,,"5.471",
"1780649788.532","5.347","124","344.9677",,
"1780649788.546",,,,"5.483",
"1780649788.568","5.349","134","319.3433",,
"1780649788.582",,,,"5.483",
"1780649788.604","5.341","142","300.9014",,
"1780649788.618",,,,"5.478",
"1780649788.64","5.346",,,,
"1780649788.641",,"132","324",,
"1780649788.654",,,,"5.471",
"1780649788.676","5.331","140","304.6286",,
"1780649788.69",,,,"5.461",
"1780649788.712","5.327","134","318.0298",,
"1780649788.726",,,,"5.452",
"1780649788.748","5.305","147","288.7075",,
"1780649788.762",,,,"5.446",
"1780649788.784","5.311","135","314.7259",,
"1780649788.798",,,,"5.45",
"1780649788.82","5.31","140","303.4286",,
"1780649788.834",,,,"5.434",
"1780649788.856","5.299","135","314.0148",,
"1780649788.87",,,,"5.418",
"1780649788.892","5.283","135","313.0667",,
"1780649788.906",,,,"5.409",
"1780649788.929","5.263","146","288.3836",,
"1780649788.942",,,,"5.398",
"1780649788.964","5.271",,,,
"1780649788.965",,"127","332.0315",,
"1780649788.979",,,,"5.413",
"1780649789","5.245","168","249.7619",,
"1780649789.014",,,,"5.375",
"1780649789.036","5.247","128","327.9375",,
"1780649789.05",,,,"5.381",
"1780649789.072","5.258","123","341.9837",,
"1780649789.086",,,,"5.403",
"1780649789.108","5.264","139","302.964",,
"1780649789.122",,,,"5.393",
"1780649789.144","5.27","123","342.7642",,
"1780649789.158",,,,"5.421",
"1780649789.18","5.306",,,,
"1780649789.181",,"115","369.113",,
"1780649789.195",,,,"5.454",
"1780649789.216","5.359","95","451.2842",,
"1780649789.23",,,,"5.533",
"1780649789.252","5.45","83","525.3012",,
"1780649789.266",,,,"5.554",
"1780649789.288","5.382","172","250.3256",,
"1780649789.303",,,,"5.472",
"1780649789.324","5.313","159","267.3207",,
"1780649789.338",,,,"5.441",
"1780649789.36","5.271","170","248.0471",,
"1780649789.375",,,,"5.424",
"1780649789.396","5.371","53","810.717",,
"1780649789.41",,,,"5.446",
"1780649789.433","5.262","184","228.7826",,
"1780649789.447",,,,"5.349",
"1780649789.468","5.19","159","261.1321",,
"1780649789.482",,,,"5.341",
"1780649789.504","5.175","166","249.3976",,
"1780649789.518",,,,"5.247",
"1780649789.54","5.115","132","310",,
"1780649789.554",,,,"5.217",
"1780649789.576","5.05","167","241.9162",,
"1780649789.591",,,,"5.138",
"1780649789.612","5.018","120","334.5333",,
"1780649789.626",,,,"5.181",
"1780649789.648","5.188",,,,
"1780649789.649",,"-7","-5929.1431",,
"1780649789.662",,,,"5.34",
"1780649789.685","5.978","-638","-74.9593",,
"1780649789.699",,,,"6.635",
"1780649789.72","7.478",,,,
"1780649789.721",,"-843","-70.9656",,
"1780649789.734",,,,"6.629",
"1780649789.756","6.415","214","239.8131",,
"1780649789.77",,,,"6.696",
"1780649789.792","7.481","-785","-76.2395",,
"1780649789.806",,,,"8.006",
"1780649789.828","5.48","2526","17.3555",,
"1780649789.843",,,,"5.166",
"1780649789.864","5.078","88","461.6364",,
"1780649789.878",,,,"5.144",
"1780649789.9","4.933","211","187.0332",,
"1780649789.914",,,,"5.051",
"1780649789.936","5.141","-90","-456.9778",,
"1780649789.95",,,,"5.665",
"1780649789.972","5.597","68","658.4706",,
"1780649789.986",,,,"5.893",
"1780649790.008","5.628","265","169.9019",,
"1780649790.022",,,,"5.601",
"1780649790.044","5.477","124","353.3548",,
"1780649790.058",,,,"5.609",
"1780649790.08","5.449","160","272.45",,
"1780649790.095",,,,"5.538",
"1780649790.116","5.341","197","216.8934",,
"1780649790.13",,,,"5.47",
"1780649790.152","5.383","87","494.9885",,
"1780649790.167",,,,"5.596",
"1780649790.188","5.488","108","406.5185",,
"1780649790.202",,,,"5.651",
"1780649790.224","5.512","139","317.2374",,
"1780649790.238",,,,"5.666",
"1780649790.26","5.531","135","327.763",,
"1780649790.274",,,,"5.668",
"1780649790.296","5.547","121","366.7438",,
"1780649790.31",,,,"5.694",
"1780649790.332","5.555","139","319.7122",,
"1780649790.346",,,,"5.69",
"1780649790.368","5.538","152","291.4737",,
"1780649790.382",,,,"5.684",
"1780649790.404","5.552","132","336.4849",,
"1780649790.418",,,,"5.703",
"1780649790.44","5.556","147","302.3673",,
"1780649790.454",,,,"5.663",
"1780649790.476","5.525","138","320.2899",,
"1780649790.49",,,,"5.656",
"1780649790.512","5.508","148","297.7297",,
"1780649790.527",,,,"5.627",
"1780649790.548","5.468",,,,
"1780649790.549",,"159","275.1195",,
"1780649790.562",,,,"5.588",
"1780649790.584","5.459","129","338.5426",,
"1780649790.598",,,,"5.596",
"1780649790.62","5.45","146","298.6301",,
"1780649790.634",,,,"5.57",
"1780649790.656","5.424","146","297.2055",,
"1780649790.67",,,,"5.56",
"1780649790.692","5.406","154","280.8312",,
"1780649790.706",,,,"5.497",
"1780649790.728","5.336","161","265.1429",,
"1780649790.742",,,,"5.446",
"1780649790.764","5.261","185","227.5027",,
"1780649790.778",,,,"5.368",
"1780649790.8","5.243","125","335.552",,
"1780649790.814",,,,"5.387",
"1780649790.836","5.249","138","304.2899",,
"1780649790.85",,,,"5.379",
"1780649790.872","5.26","119","353.6134",,
"1780649790.886",,,,"5.449",
"1780649790.908","5.264","185","227.6324",,
"1780649790.922",,,,"5.325",
"1780649790.944","5.147","178",,,
"1780649790.945",,,"231.3258",,
"1780649790.958",,,,"5.334",
"1780649790.98","5.345","-11","-3887.2727",,
"1780649790.994",,,,"5.434",
"1780649791.016","5.193","241","172.3817",,
"1780649791.03",,,,"5.259",
"1780649791.052","5.003","256","156.3437",,
"1780649791.067",,,,"6.282",
"1780649791.088","6.123","159","308.0755",,
"1780649791.103",,,,"6.109",
"1780649791.124","5.806","303","153.2937",,
"1780649791.138",,,,"5.412",
"1780649791.16","4.996","416","96.0769",,
"1780649791.174",,,,"5.14",
"1780649791.196","5.211","-71","-587.1549",,
"1780649791.21",,,,"7.29",
"1780649791.232","8.351","-1061","-62.967",,
"1780649791.246",,,,"7.818",
"1780649791.268","6.462","1356","38.1239",,
"1780649791.282",,,,"8.096",
"1780649791.304","9.936","-1840","-43.2",,
"1780649791.318",,,,"10.294",
"1780649791.34","8.583","1711","40.1309",,
"1780649791.354",,,,"6.905",
"1780649791.376","6.539","366","142.929",,
"1780649791.39",,,,"7.158",
"1780649791.412","7.055",,,,
"1780649791.413",,"103","547.9612",,
"1780649791.427",,,,"5.449",
"1780649791.448","4.895","554","70.6859",,
"1780649791.462",,,,"5.251",
"1780649791.484","5.224","27","1547.8518",,
"1780649791.498",,,,"5.331",
"1780649791.52","5.156","175","235.7029",,
"1780649791.534",,,,"5.256",
"1780649791.556","5.139","117","351.3846",,
"1780649791.57",,,,"5.302",
"1780649791.592","5.177","125","331.328",,
"1780649791.606",,,,"5.28",
"1780649791.637","5.127","153","268.0784",,
"1780649791.645",,,,"5.293",
"1780649791.664","5.241","52","806.3077",,
"1780649791.678",,,,"5.403",
"1780649791.7","5.299","104","407.6154",,
"1780649791.714",,,,"5.511",
"1780649791.736","5.514","-3","-14704",,
"1780649791.75",,,,"5.749",
"1780649791.772","5.636","113","399.0089",,
"1780649791.786",,,,"5.819",
"1780649791.808","5.697",,,,
"1780649791.809",,"122","373.5738",,
"1780649791.823",,,,"5.838",
"1780649791.844","5.68","158","287.5949",,
"1780649791.858",,,,"5.797",
"1780649791.88","5.638","159","283.6729",,
"1780649791.895",,,,"5.762",
"1780649791.916","5.632","130","346.5846",,
"1780649791.93",,,,"5.781",
"1780649791.952","5.668","113","401.2743",,
"1780649791.966",,,,"5.909",
"1780649791.988","5.773","136","339.5882",,
"1780649792.003",,,,"5.921",
"1780649792.024","5.846","75","623.5733",,
"1780649792.038",,,,"6.048",
"1780649792.06","5.953","95","501.3053",,
"1780649792.074",,,,"6.111",
"1780649792.096","5.993","118","406.3051",,
"1780649792.11",,,,"6.144",
"1780649792.132","6.011","133","361.5639",,
"1780649792.146",,,,"6.156",
"1780649792.168","6.032","124","389.1613",,
"1780649792.182",,,,"6.168",
"1780649792.204","6.052","116","417.3793",,
"1780649792.218",,,,"6.191",
"1780649792.24","6.062","129","375.938",,
"1780649792.254",,,,"6.19",
"1780649792.276","6.05",,,,
"1780649792.277",,"140","345.7143",,
"1780649792.29",,,,"6.178",
"1780649792.312","6.036","142","340.0563",,
"1780649792.326",,,,"6.168",
"1780649792.348","6.046",,,,
"1780649792.349",,"122","396.459",,
"1780649792.362",,,,"6.199",
"1780649792.384","6.091","108","451.1852",,
"1780649792.399",,,,"6.249",
"1780649792.42","6.146","103","477.3592",,
"1780649792.434",,,,"6.395",
"1780649792.456","6.22","175","284.3429",,
"1780649792.47",,,,"6.357",
"1780649792.492","6.205","152","326.5789",,
"1780649792.506",,,,"6.342",
"1780649792.528","6.205","137","362.3358",,
"1780649792.542",,,,"6.358",
"1780649792.564","6.278","80","627.8",,
"1780649792.578",,,,"6.433",
"1780649792.6","6.361","72","706.7778",,
"1780649792.614",,,,"6.486",
"1780649792.636","6.347","139","365.295",,
"1780649792.65",,,,"6.486",
"1780649792.672","6.354","132","385.0909",,
"1780649792.686",,,,"6.488",
"1780649792.708","6.365","123","413.9837",,
"1780649792.723",,,,"6.495",
"1780649792.744","6.358",,,,
"1780649792.745",,"137","371.2701",,
"1780649792.758",,,,"6.496",
"1780649792.78","6.36","136","374.1176",,
"1780649792.794",,,,"6.493",
"1780649792.816","6.361","132","385.5151",,
"1780649792.83",,,,"6.501",
"1780649792.852","6.365","136","374.4118",,
"1780649792.866",,,,"6.495",
"1780649792.888","6.359","136","374.0588",,
"1780649792.902",,,,"6.498",
"1780649792.924","6.358","140","363.3143",,
"1780649792.938",,,,"6.499",
"1780649792.96","6.366","133","382.9173",,
"1780649792.974",,,,"6.507",
"1780649792.996","6.369","138","369.2174",,
"1780649793.01",,,,"6.505",
"1780649793.032","6.366","139","366.3885",,
"1780649793.046",,,,"6.5",
"1780649793.068","6.361",,,,
"1780649793.069",,"139","366.1007",,
"1780649793.082",,,,"6.482",
"1780649793.104","6.343","139","365.0648",,
"1780649793.118",,,,"6.468",
"1780649793.14","6.322","146","346.4109",,
"1780649793.154",,,,"6.453",
"1780649793.176","6.311",,,,
"1780649793.177",,"142","355.5493",,
"1780649793.191",,,,"6.44",
"1780649793.212","6.279","161",,,
"1780649793.213",,,"312",,
"1780649793.226",,,,"6.417",
"1780649793.248","6.286","131","383.8779",,
"1780649793.262",,,,"6.418",
"1780649793.284","6.279","139","361.3813",,
"1780649793.298",,,,"6.402",
"1780649793.32","6.257","145",,,
"1780649793.321",,,"345.2138",,
"1780649793.334",,,,"6.392",
"1780649793.356","6.264","128","391.5",,
"1780649793.37",,,,"6.393",
"1780649793.392","6.253","140","357.3143",,
"1780649793.406",,,,"6.39",
"1780649793.428","6.263","127","394.5197",,
"1780649793.442",,,,"6.398",
"1780649793.464","6.315","83","608.6747",,
"1780649793.478",,,,"6.467",
"1780649793.5","6.329",,,,
"1780649793.501",,"138","366.8986",,
"1780649793.515",,,,"6.491",
"1780649793.537","6.359","132","385.394",,
